time,relative_humidity_2m_lag1,relative_humidity_2m_lag2,relative_humidity_2m_lag3,precipitation_lag1,precipitation_lag2,precipitation_lag3,surface_pressure_lag1,surface_pressure_lag2,surface_pressure_lag3,wind_speed_10m_lag1,wind_speed_10m_lag2,wind_speed_10m_lag3,wind_direction_10m_lag1,wind_direction_10m_lag2,wind_direction_10m_lag3,cloud_cover_lag1,cloud_cover_lag2,cloud_cover_lag3,sin_hour,cos_hour,actual_temp,predicted_temp
2025-06-01 03:00:00,59.0,64.0,62.0,0.0,0.0,0.0,974.0,974.5,974.4,7.5,4.1,3.2,190.0,105.0,137.0,22.0,2.0,3.0,0.7071067811865475,0.7071067811865476,27.5,27.612648
2025-06-01 04:00:00,54.0,59.0,64.0,0.0,0.0,0.0,973.3,974.0,974.5,9.4,7.5,4.1,169.0,190.0,105.0,1.0,22.0,2.0,0.8660254037844386,0.5000000000000001,27.2,27.200895
2025-06-01 05:00:00,53.0,54.0,59.0,0.0,0.0,0.0,973.8,973.3,974.0,10.5,9.4,7.5,199.0,169.0,190.0,1.0,1.0,22.0,0.9659258262890683,0.25881904510252074,27.1,26.972153
2025-06-01 06:00:00,55.0,53.0,54.0,0.0,0.0,0.0,974.1,973.8,973.3,12.3,10.5,9.4,190.0,199.0,169.0,3.0,1.0,1.0,1.0,6.123233995736766e-17,29.6,29.615608
2025-06-01 07:00:00,51.0,55.0,53.0,0.0,0.0,0.0,974.9,974.1,973.8,10.7,12.3,10.5,215.0,190.0,199.0,10.0,3.0,1.0,0.9659258262890683,-0.25881904510252063,31.7,31.320139
2025-06-01 08:00:00,45.0,51.0,55.0,0.0,0.0,0.0,975.4,974.9,974.1,11.0,10.7,12.3,229.0,215.0,190.0,1.0,10.0,3.0,0.8660254037844387,-0.49999999999999983,33.8,33.8006
2025-06-01 09:00:00,43.0,45.0,51.0,0.0,0.0,0.0,975.9,975.4,974.9,14.5,11.0,10.7,242.0,229.0,215.0,7.0,1.0,10.0,0.7071067811865476,-0.7071067811865475,34.9,34.92621
2025-06-01 10:00:00,41.0,43.0,45.0,0.0,0.0,0.0,976.2,975.9,975.4,18.6,14.5,11.0,268.0,242.0,229.0,77.0,7.0,1.0,0.49999999999999994,-0.8660254037844387,35.4,35.576183
2025-06-01 11:00:00,35.0,41.0,43.0,0.0,0.0,0.0,976.1,976.2,975.9,17.7,18.6,14.5,294.0,268.0,242.0,100.0,77.0,7.0,0.258819045102521,-0.9659258262890682,35.0,34.964397
2025-06-01 12:00:00,34.0,35.0,41.0,0.0,0.0,0.0,976.1,976.1,976.2,11.1,17.7,18.6,292.0,294.0,268.0,95.0,100.0,77.0,1.2246467991473532e-16,-1.0,36.3,35.96849
2025-06-01 13:00:00,30.0,34.0,35.0,0.0,0.0,0.0,975.7,976.1,976.1,4.4,11.1,17.7,289.0,292.0,294.0,9.0,95.0,100.0,-0.2588190451025208,-0.9659258262890683,37.4,37.345642
2025-06-01 14:00:00,27.0,30.0,34.0,0.0,0.0,0.0,975.3,975.7,976.1,7.6,4.4,11.1,267.0,289.0,292.0,100.0,9.0,95.0,-0.4999999999999998,-0.8660254037844388,35.5,35.60921
2025-06-01 15:00:00,31.0,27.0,30.0,0.0,0.0,0.0,974.9,975.3,975.7,6.5,7.6,4.4,267.0,267.0,289.0,28.0,100.0,9.0,-0.7071067811865471,-0.7071067811865479,36.4,36.765934
2025-06-01 16:00:00,30.0,31.0,27.0,0.0,0.0,0.0,974.2,974.9,975.3,8.1,6.5,7.6,265.0,267.0,267.0,96.0,28.0,100.0,-0.8660254037844384,-0.5000000000000004,36.1,35.91784
2025-06-01 17:00:00,30.0,30.0,31.0,0.0,0.0,0.0,973.8,974.2,974.9,9.0,8.1,6.5,227.0,265.0,267.0,100.0,96.0,28.0,-0.9659258262890683,-0.25881904510252063,36.1,35.569798
2025-06-01 18:00:00,27.0,30.0,30.0,0.0,0.0,0.0,973.3,973.8,974.2,9.7,9.0,8.1,230.0,227.0,265.0,100.0,100.0,96.0,-1.0,-1.8369701987210297e-16,26.5,26.951754
2025-06-01 19:00:00,71.0,27.0,30.0,2.9,0.0,0.0,974.8,973.3,973.8,14.9,9.7,9.0,221.0,230.0,227.0,100.0,100.0,100.0,-0.9659258262890684,0.2588190451025203,27.1,27.023514
2025-06-01 20:00:00,67.0,71.0,27.0,1.3,2.9,0.0,974.4,974.8,973.3,10.4,14.9,9.7,179.0,221.0,230.0,99.0,100.0,100.0,-0.8660254037844386,0.5000000000000001,27.0,27.145525
2025-06-01 21:00:00,64.0,67.0,71.0,0.0,1.3,2.9,974.0,974.4,974.8,11.2,10.4,14.9,152.0,179.0,221.0,100.0,99.0,100.0,-0.7071067811865477,0.7071067811865474,27.4,27.404436
2025-06-01 22:00:00,61.0,64.0,67.0,0.0,0.0,1.3,974.4,974.0,974.4,7.8,11.2,10.4,165.0,152.0,179.0,89.0,100.0,99.0,-0.5000000000000004,0.8660254037844384,27.8,27.816612
2025-06-01 23:00:00,60.0,61.0,64.0,0.0,0.0,0.0,974.1,974.4,974.0,6.3,7.8,11.2,165.0,165.0,152.0,6.0,89.0,100.0,-0.25881904510252157,0.9659258262890681,27.5,27.89134
2025-06-02 00:00:00,62.0,60.0,61.0,0.0,0.0,0.0,973.9,974.1,974.4,5.3,6.3,7.8,225.0,165.0,165.0,22.0,6.0,89.0,0.0,1.0,27.3,27.713438
2025-06-02 01:00:00,62.0,62.0,60.0,0.0,0.0,0.0,973.4,973.9,974.1,5.2,5.3,6.3,239.0,225.0,165.0,1.0,22.0,6.0,0.25881904510252074,0.9659258262890683,26.9,27.199856
2025-06-02 02:00:00,60.0,62.0,62.0,0.0,0.0,0.0,973.0,973.4,973.9,7.0,5.2,5.3,222.0,239.0,225.0,1.0,1.0,22.0,0.49999999999999994,0.8660254037844387,26.2,26.323425
2025-06-02 03:00:00,59.0,60.0,62.0,0.0,0.0,0.0,972.7,973.0,973.4,10.1,7.0,5.2,219.0,222.0,239.0,3.0,1.0,1.0,0.7071067811865475,0.7071067811865476,25.7,25.831944
2025-06-02 04:00:00,59.0,59.0,60.0,0.0,0.0,0.0,972.8,972.7,973.0,8.9,10.1,7.0,228.0,219.0,222.0,0.0,3.0,1.0,0.8660254037844386,0.5000000000000001,25.2,25.34358
2025-06-02 05:00:00,66.0,59.0,59.0,0.0,0.0,0.0,973.5,972.8,972.7,1.5,8.9,10.1,339.0,228.0,219.0,1.0,0.0,3.0,0.9659258262890683,0.25881904510252074,24.2,24.329441
2025-06-02 06:00:00,73.0,66.0,59.0,0.0,0.0,0.0,974.1,973.5,972.8,3.7,1.5,8.9,113.0,339.0,228.0,0.0,1.0,0.0,1.0,6.123233995736766e-17,28.4,28.42207
2025-06-02 07:00:00,60.0,73.0,66.0,0.0,0.0,0.0,975.4,974.1,973.5,2.5,3.7,1.5,8.0,113.0,339.0,26.0,0.0,1.0,0.9659258262890683,-0.25881904510252063,29.2,29.22811
2025-06-02 08:00:00,57.0,60.0,73.0,0.0,0.0,0.0,976.1,975.4,974.1,5.3,2.5,3.7,38.0,8.0,113.0,18.0,26.0,0.0,0.8660254037844387,-0.49999999999999983,30.5,30.663754
2025-06-02 09:00:00,53.0,57.0,60.0,0.0,0.0,0.0,976.3,976.1,975.4,4.2,5.3,2.5,80.0,38.0,8.0,34.0,18.0,26.0,0.7071067811865476,-0.7071067811865475,32.1,31.970575
2025-06-02 10:00:00,48.0,53.0,57.0,0.0,0.0,0.0,976.3,976.3,976.1,3.7,4.2,5.3,133.0,80.0,38.0,3.0,34.0,18.0,0.49999999999999994,-0.8660254037844387,33.8,33.8163
2025-06-02 11:00:00,43.0,48.0,53.0,0.0,0.0,0.0,976.2,976.3,976.3,2.3,3.7,4.2,157.0,133.0,80.0,3.0,3.0,34.0,0.258819045102521,-0.9659258262890682,35.4,35.488846
2025-06-02 12:00:00,38.0,43.0,48.0,0.0,0.0,0.0,975.8,976.2,976.3,2.3,2.3,3.7,209.0,157.0,133.0,2.0,3.0,3.0,1.2246467991473532e-16,-1.0,36.5,36.71745
2025-06-02 13:00:00,33.0,38.0,43.0,0.0,0.0,0.0,975.0,975.8,976.2,6.1,2.3,2.3,256.0,209.0,157.0,58.0,2.0,3.0,-0.2588190451025208,-0.9659258262890683,37.2,37.12422
2025-06-02 14:00:00,29.0,33.0,38.0,0.0,0.0,0.0,974.1,975.0,975.8,9.3,6.1,2.3,257.0,256.0,209.0,35.0,58.0,2.0,-0.4999999999999998,-0.8660254037844388,36.8,37.076416
2025-06-02 15:00:00,30.0,29.0,33.0,0.0,0.0,0.0,973.9,974.1,975.0,10.3,9.3,6.1,275.0,257.0,256.0,52.0,35.0,58.0,-0.7071067811865471,-0.7071067811865479,36.2,36.632824
2025-06-02 16:00:00,32.0,30.0,29.0,0.3,0.0,0.0,973.5,973.9,974.1,2.8,10.3,9.3,345.0,275.0,257.0,24.0,52.0,35.0,-0.8660254037844384,-0.5000000000000004,36.4,36.491066
2025-06-02 17:00:00,32.0,32.0,30.0,0.0,0.3,0.0,973.3,973.5,973.9,2.3,2.8,10.3,331.0,345.0,275.0,74.0,24.0,52.0,-0.9659258262890683,-0.25881904510252063,35.4,35.34938
2025-06-02 18:00:00,32.0,32.0,32.0,0.0,0.0,0.3,973.2,973.3,973.5,5.4,2.3,2.8,56.0,331.0,345.0,85.0,74.0,24.0,-1.0,-1.8369701987210297e-16,32.2,32.48254
2025-06-02 19:00:00,43.0,32.0,32.0,0.0,0.0,0.0,974.1,973.2,973.3,10.1,5.4,2.3,271.0,56.0,331.0,100.0,85.0,74.0,-0.9659258262890684,0.2588190451025203,31.6,31.650433
2025-06-02 20:00:00,45.0,43.0,32.0,0.0,0.0,0.0,974.9,974.1,973.2,8.3,10.1,5.4,259.0,271.0,56.0,100.0,100.0,85.0,-0.8660254037844386,0.5000000000000001,30.6,30.51079
2025-06-02 21:00:00,44.0,45.0,43.0,0.0,0.0,0.0,975.6,974.9,974.1,8.7,8.3,10.1,257.0,259.0,271.0,100.0,100.0,100.0,-0.7071067811865477,0.7071067811865474,29.5,29.23236
2025-06-02 22:00:00,46.0,44.0,45.0,0.0,0.0,0.0,976.4,975.6,974.9,9.1,8.7,8.3,243.0,257.0,259.0,100.0,100.0,100.0,-0.5000000000000004,0.8660254037844384,29.0,28.903273
2025-06-02 23:00:00,47.0,46.0,44.0,0.0,0.0,0.0,976.4,976.4,975.6,5.3,9.1,8.7,246.0,243.0,257.0,100.0,100.0,100.0,-0.25881904510252157,0.9659258262890681,28.5,28.804394
2025-06-03 00:00:00,55.0,47.0,46.0,0.0,0.0,0.0,976.1,976.4,976.4,1.5,5.3,9.1,216.0,246.0,243.0,82.0,100.0,100.0,0.0,1.0,28.2,28.034557
2025-06-03 01:00:00,61.0,55.0,47.0,0.0,0.0,0.0,976.0,976.1,976.4,0.9,1.5,5.3,323.0,216.0,246.0,80.0,82.0,100.0,0.25881904510252074,0.9659258262890683,27.8,27.755112
2025-06-03 02:00:00,60.0,61.0,55.0,0.0,0.0,0.0,975.2,976.0,976.1,0.5,0.9,1.5,90.0,323.0,216.0,40.0,80.0,82.0,0.49999999999999994,0.8660254037844387,27.1,27.160654
2025-06-03 03:00:00,58.0,60.0,61.0,0.0,0.0,0.0,974.4,975.2,976.0,3.1,0.5,0.9,190.0,90.0,323.0,0.0,40.0,80.0,0.7071067811865475,0.7071067811865476,26.9,26.845007
2025-06-03 04:00:00,50.0,58.0,60.0,0.0,0.0,0.0,974.4,974.4,975.2,7.7,3.1,0.5,213.0,190.0,90.0,0.0,0.0,40.0,0.8660254037844386,0.5000000000000001,26.4,26.5276
2025-06-03 05:00:00,50.0,50.0,58.0,0.0,0.0,0.0,975.0,974.4,974.4,9.0,7.7,3.1,202.0,213.0,190.0,10.0,0.0,0.0,0.9659258262890683,0.25881904510252074,25.9,26.430458
2025-06-03 06:00:00,55.0,50.0,50.0,0.0,0.0,0.0,975.8,975.0,974.4,8.0,9.0,7.7,203.0,202.0,213.0,100.0,10.0,0.0,1.0,6.123233995736766e-17,26.8,26.953827
2025-06-03 07:00:00,57.0,55.0,50.0,0.0,0.0,0.0,977.2,975.8,975.0,7.5,8.0,9.0,46.0,203.0,202.0,53.0,100.0,10.0,0.9659258262890683,-0.25881904510252063,27.6,27.751263
2025-06-03 08:00:00,55.0,57.0,55.0,0.0,0.0,0.0,977.6,977.2,975.8,5.3,7.5,8.0,24.0,46.0,203.0,17.0,53.0,100.0,0.8660254037844387,-0.49999999999999983,29.7,29.879583
2025-06-03 09:00:00,47.0,55.0,57.0,0.0,0.0,0.0,977.7,977.6,977.2,5.7,5.3,7.5,62.0,24.0,46.0,3.0,17.0,53.0,0.7071067811865476,-0.7071067811865475,31.8,32.087936
2025-06-03 10:00:00,39.0,47.0,55.0,0.0,0.0,0.0,977.9,977.7,977.6,2.9,5.7,5.3,94.0,62.0,24.0,42.0,3.0,17.0,0.49999999999999994,-0.8660254037844387,33.4,33.87991
2025-06-03 11:00:00,34.0,39.0,47.0,0.0,0.0,0.0,977.9,977.9,977.7,2.6,2.9,5.7,164.0,94.0,62.0,100.0,42.0,3.0,0.258819045102521,-0.9659258262890682,34.7,34.741985
2025-06-03 12:00:00,31.0,34.0,39.0,0.0,0.0,0.0,977.8,977.9,977.9,6.4,2.6,2.9,238.0,164.0,94.0,100.0,100.0,42.0,1.2246467991473532e-16,-1.0,34.3,34.374405
2025-06-03 13:00:00,31.0,31.0,34.0,0.0,0.0,0.0,977.4,977.8,977.9,11.9,6.4,2.6,256.0,238.0,164.0,100.0,100.0,100.0,-0.2588190451025208,-0.9659258262890683,34.1,34.224117
2025-06-03 14:00:00,33.0,31.0,31.0,0.0,0.0,0.0,976.9,977.4,977.8,12.3,11.9,6.4,265.0,256.0,238.0,100.0,100.0,100.0,-0.4999999999999998,-0.8660254037844388,34.6,34.42459
2025-06-03 15:00:00,33.0,33.0,31.0,0.0,0.0,0.0,976.4,976.9,977.4,10.7,12.3,11.9,275.0,265.0,256.0,100.0,100.0,100.0,-0.7071067811865471,-0.7071067811865479,33.6,34.145203
2025-06-03 16:00:00,35.0,33.0,33.0,0.0,0.0,0.0,975.9,976.4,976.9,8.2,10.7,12.3,284.0,275.0,265.0,96.0,100.0,100.0,-0.8660254037844384,-0.5000000000000004,33.8,33.655113
2025-06-03 17:00:00,34.0,35.0,33.0,0.0,0.0,0.0,975.7,975.9,976.4,4.6,8.2,10.7,318.0,284.0,275.0,2.0,96.0,100.0,-0.9659258262890683,-0.25881904510252063,34.1,34.286785
2025-06-03 18:00:00,32.0,34.0,35.0,0.0,0.0,0.0,975.6,975.7,975.9,2.6,4.6,8.2,309.0,318.0,284.0,12.0,2.0,96.0,-1.0,-1.8369701987210297e-16,31.2,31.341139
2025-06-03 19:00:00,41.0,32.0,34.0,0.0,0.0,0.0,976.4,975.6,975.7,7.8,2.6,4.6,331.0,309.0,318.0,40.0,12.0,2.0,-0.9659258262890684,0.2588190451025203,30.3,30.543531
2025-06-03 20:00:00,46.0,41.0,32.0,0.0,0.0,0.0,977.0,976.4,975.6,5.5,7.8,2.6,343.0,331.0,309.0,97.0,40.0,12.0,-0.8660254037844386,0.5000000000000001,29.8,29.727098
2025-06-03 21:00:00,56.0,46.0,41.0,0.0,0.0,0.0,977.8,977.0,976.4,2.8,5.5,7.8,15.0,343.0,331.0,100.0,97.0,40.0,-0.7071067811865477,0.7071067811865474,29.2,29.11307
2025-06-03 22:00:00,58.0,56.0,46.0,0.0,0.0,0.0,978.5,977.8,977.0,3.2,2.8,5.5,56.0,15.0,343.0,100.0,100.0,97.0,-0.5000000000000004,0.8660254037844384,28.6,28.444742
2025-06-03 23:00:00,57.0,58.0,56.0,0.0,0.0,0.0,979.2,978.5,977.8,5.0,3.2,2.8,150.0,56.0,15.0,63.0,100.0,100.0,-0.25881904510252157,0.9659258262890681,27.2,27.201838
2025-06-04 00:00:00,61.0,57.0,58.0,0.0,0.0,0.0,979.2,979.2,978.5,8.5,5.0,3.2,136.0,150.0,56.0,100.0,63.0,100.0,0.0,1.0,26.0,26.127401
2025-06-04 01:00:00,65.0,61.0,57.0,0.0,0.0,0.0,978.6,979.2,979.2,8.1,8.5,5.0,141.0,136.0,150.0,100.0,100.0,63.0,0.25881904510252074,0.9659258262890683,25.4,25.604969
2025-06-04 02:00:00,70.0,65.0,61.0,0.0,0.0,0.0,977.8,978.6,979.2,7.5,8.1,8.5,153.0,141.0,136.0,47.0,100.0,100.0,0.49999999999999994,0.8660254037844387,25.1,25.076178
2025-06-04 03:00:00,71.0,70.0,65.0,0.0,0.0,0.0,977.3,977.8,978.6,6.9,7.5,8.1,152.0,153.0,141.0,44.0,47.0,100.0,0.7071067811865475,0.7071067811865476,24.8,24.908213
2025-06-04 04:00:00,74.0,71.0,70.0,0.0,0.0,0.0,977.6,977.3,977.8,4.2,6.9,7.5,168.0,152.0,153.0,17.0,44.0,47.0,0.8660254037844386,0.5000000000000001,24.6,24.773123
2025-06-04 05:00:00,76.0,74.0,71.0,0.0,0.0,0.0,977.8,977.6,977.3,3.2,4.2,6.9,207.0,168.0,152.0,62.0,17.0,44.0,0.9659258262890683,0.25881904510252074,24.6,24.664694
2025-06-04 06:00:00,75.0,76.0,74.0,0.0,0.0,0.0,978.5,977.8,977.6,3.2,3.2,4.2,289.0,207.0,168.0,51.0,62.0,17.0,1.0,6.123233995736766e-17,26.4,26.397406
2025-06-04 07:00:00,67.0,75.0,76.0,0.0,0.0,0.0,979.5,978.5,977.8,3.4,3.2,3.2,47.0,289.0,207.0,99.0,51.0,62.0,0.9659258262890683,-0.25881904510252063,26.7,26.859135
2025-06-04 08:00:00,67.0,67.0,75.0,0.0,0.0,0.0,980.2,979.5,978.5,5.2,3.4,3.2,74.0,47.0,289.0,95.0,99.0,51.0,0.8660254037844387,-0.49999999999999983,27.7,27.67498
2025-06-04 09:00:00,64.0,67.0,67.0,0.0,0.0,0.0,980.5,980.2,979.5,5.5,5.2,3.4,77.0,74.0,47.0,100.0,95.0,99.0,0.7071067811865476,-0.7071067811865475,28.3,28.444769
2025-06-04 10:00:00,61.0,64.0,67.0,0.0,0.0,0.0,981.1,980.5,980.2,4.9,5.5,5.2,96.0,77.0,74.0,82.0,100.0,95.0,0.49999999999999994,-0.8660254037844387,31.3,31.048344
2025-06-04 11:00:00,50.0,61.0,64.0,0.0,0.0,0.0,980.9,981.1,980.5,3.9,4.9,5.5,103.0,96.0,77.0,8.0,82.0,100.0,0.258819045102521,-0.9659258262890682,33.4,33.25366
2025-06-04 12:00:00,42.0,50.0,61.0,0.0,0.0,0.0,980.4,980.9,981.1,4.9,3.9,4.9,107.0,103.0,96.0,3.0,8.0,82.0,1.2246467991473532e-16,-1.0,35.0,35.162346
2025-06-04 13:00:00,36.0,42.0,50.0,0.0,0.0,0.0,979.8,980.4,980.9,2.2,4.9,3.9,90.0,107.0,103.0,12.0,3.0,8.0,-0.2588190451025208,-0.9659258262890683,36.5,36.38725
2025-06-04 14:00:00,29.0,36.0,42.0,0.0,0.0,0.0,978.9,979.8,980.4,1.1,2.2,4.9,180.0,90.0,107.0,53.0,12.0,3.0,-0.4999999999999998,-0.8660254037844388,29.6,30.044485
2025-06-04 15:00:00,51.0,29.0,36.0,0.3,0.0,0.0,980.0,978.9,979.8,19.8,1.1,2.2,37.0,180.0,90.0,99.0,53.0,12.0,-0.7071067811865471,-0.7071067811865479,30.4,30.38485
2025-06-04 16:00:00,49.0,51.0,29.0,0.0,0.3,0.0,978.9,980.0,978.9,5.7,19.8,1.1,134.0,37.0,180.0,96.0,99.0,53.0,-0.8660254037844384,-0.5000000000000004,31.6,31.68465
2025-06-04 17:00:00,43.0,49.0,51.0,0.0,0.0,0.3,979.4,978.9,980.0,5.0,5.7,19.8,229.0,134.0,37.0,58.0,96.0,99.0,-0.9659258262890683,-0.25881904510252063,31.4,31.40603
2025-06-04 18:00:00,44.0,43.0,49.0,0.0,0.0,0.0,978.5,979.4,978.9,4.9,5.0,5.7,219.0,229.0,134.0,8.0,58.0,96.0,-1.0,-1.8369701987210297e-16,32.5,32.404797
2025-06-04 19:00:00,32.0,44.0,43.0,0.0,0.0,0.0,979.4,978.5,979.4,8.4,4.9,5.0,335.0,219.0,229.0,6.0,8.0,58.0,-0.9659258262890684,0.2588190451025203,30.9,30.980238
2025-06-04 20:00:00,38.0,32.0,44.0,0.0,0.0,0.0,979.7,979.4,978.5,7.6,8.4,4.9,357.0,335.0,219.0,1.0,6.0,8.0,-0.8660254037844386,0.5000000000000001,29.7,29.846968
2025-06-04 21:00:00,44.0,38.0,32.0,0.0,0.0,0.0,980.8,979.7,979.4,8.2,7.6,8.4,15.0,357.0,335.0,1.0,1.0,6.0,-0.7071067811865477,0.7071067811865474,28.4,28.714325
2025-06-04 22:00:00,52.0,44.0,38.0,0.0,0.0,0.0,981.7,980.8,979.7,4.3,8.2,7.6,28.0,15.0,357.0,74.0,1.0,1.0,-0.5000000000000004,0.8660254037844384,27.5,27.578264
2025-06-04 23:00:00,60.0,52.0,44.0,0.0,0.0,0.0,981.9,981.7,980.8,3.1,4.3,8.2,62.0,28.0,15.0,100.0,74.0,1.0,-0.25881904510252157,0.9659258262890681,27.2,27.20751
2025-06-05 00:00:00,59.0,60.0,52.0,0.0,0.0,0.0,981.7,981.9,981.7,3.2,3.1,4.3,90.0,62.0,28.0,100.0,100.0,74.0,0.0,1.0,27.0,26.938305
2025-06-05 01:00:00,59.0,59.0,60.0,0.0,0.0,0.0,981.1,981.7,981.9,5.6,3.2,3.1,111.0,90.0,62.0,24.0,100.0,100.0,0.25881904510252074,0.9659258262890683,26.2,26.720757
2025-06-05 02:00:00,63.0,59.0,59.0,0.0,0.0,0.0,980.9,981.1,981.7,5.1,5.6,3.2,84.0,111.0,90.0,70.0,24.0,100.0,0.49999999999999994,0.8660254037844387,25.8,25.72121
2025-06-05 03:00:00,65.0,63.0,59.0,0.0,0.0,0.0,980.4,980.9,981.1,6.4,5.1,5.6,135.0,84.0,111.0,48.0,70.0,24.0,0.7071067811865475,0.7071067811865476,25.4,25.33402
2025-06-05 04:00:00,67.0,65.0,63.0,0.0,0.0,0.0,980.6,980.4,980.9,5.8,6.4,5.1,144.0,135.0,84.0,12.0,48.0,70.0,0.8660254037844386,0.5000000000000001,24.9,24.985773
2025-06-05 05:00:00,70.0,67.0,65.0,0.0,0.0,0.0,981.2,980.6,980.4,5.1,5.8,6.4,153.0,144.0,135.0,16.0,12.0,48.0,0.9659258262890683,0.25881904510252074,24.5,24.680761
2025-06-05 06:00:00,72.0,70.0,67.0,0.0,0.0,0.0,982.3,981.2,980.6,3.9,5.1,5.8,236.0,153.0,144.0,53.0,16.0,12.0,1.0,6.123233995736766e-17,26.5,26.460918
2025-06-05 07:00:00,67.0,72.0,70.0,0.0,0.0,0.0,983.2,982.3,981.2,1.9,3.9,5.1,124.0,236.0,153.0,4.0,53.0,16.0,0.9659258262890683,-0.25881904510252063,27.9,27.856243
2025-06-05 08:00:00,59.0,67.0,72.0,0.0,0.0,0.0,984.1,983.2,982.3,3.8,1.9,3.9,221.0,124.0,236.0,9.0,4.0,53.0,0.8660254037844387,-0.49999999999999983,29.7,29.737633
2025-06-05 09:00:00,48.0,59.0,67.0,0.0,0.0,0.0,984.6,984.1,983.2,6.4,3.8,1.9,254.0,221.0,124.0,1.0,9.0,4.0,0.7071067811865476,-0.7071067811865475,31.4,31.532925
2025-06-05 10:00:00,40.0,48.0,59.0,0.0,0.0,0.0,984.7,984.6,984.1,3.6,6.4,3.8,273.0,254.0,221.0,0.0,1.0,9.0,0.49999999999999994,-0.8660254037844387,33.1,33.34049
2025-06-05 11:00:00,35.0,40.0,48.0,0.0,0.0,0.0,984.6,984.7,984.6,0.7,3.6,6.4,346.0,273.0,254.0,0.0,0.0,1.0,0.258819045102521,-0.9659258262890682,34.5,34.528713
2025-06-05 12:00:00,31.0,35.0,40.0,0.0,0.0,0.0,984.0,984.6,984.7,2.0,0.7,3.6,117.0,346.0,273.0,0.0,0.0,0.0,1.2246467991473532e-16,-1.0,35.7,35.783184
2025-06-05 13:00:00,28.0,31.0,35.0,0.0,0.0,0.0,983.3,984.0,984.6,2.4,2.0,0.7,144.0,117.0,346.0,7.0,0.0,0.0,-0.2588190451025208,-0.9659258262890683,36.4,36.331013
2025-06-05 14:00:00,26.0,28.0,31.0,0.0,0.0,0.0,982.5,983.3,984.0,3.2,2.4,2.0,183.0,144.0,117.0,11.0,7.0,0.0,-0.4999999999999998,-0.8660254037844388,37.0,37.051125
2025-06-05 15:00:00,25.0,26.0,28.0,0.0,0.0,0.0,981.5,982.5,983.3,3.6,3.2,2.4,198.0,183.0,144.0,9.0,11.0,7.0,-0.7071067811865471,-0.7071067811865479,37.3,37.3345
2025-06-05 16:00:00,24.0,25.0,26.0,0.0,0.0,0.0,980.9,981.5,982.5,4.2,3.6,3.2,198.0,198.0,183.0,13.0,9.0,11.0,-0.8660254037844384,-0.5000000000000004,37.1,37.01277
2025-06-05 17:00:00,24.0,24.0,25.0,0.0,0.0,0.0,980.5,980.9,981.5,2.8,4.2,3.6,230.0,198.0,198.0,19.0,13.0,9.0,-0.9659258262890683,-0.25881904510252063,36.0,36.263275
2025-06-05 18:00:00,25.0,24.0,24.0,0.0,0.0,0.0,980.5,980.5,980.9,6.4,2.8,4.2,352.0,230.0,198.0,15.0,19.0,13.0,-1.0,-1.8369701987210297e-16,34.1,34.116577
2025-06-05 19:00:00,29.0,25.0,24.0,0.0,0.0,0.0,980.9,980.5,980.5,9.4,6.4,2.8,247.0,352.0,230.0,10.0,15.0,19.0,-0.9659258262890684,0.2588190451025203,32.5,32.469837
2025-06-05 20:00:00,36.0,29.0,25.0,0.0,0.0,0.0,981.5,980.9,980.5,5.4,9.4,6.4,272.0,247.0,352.0,5.0,10.0,15.0,-0.8660254037844386,0.5000000000000001,31.3,31.367119
2025-06-05 21:00:00,52.0,36.0,29.0,0.0,0.0,0.0,982.1,981.5,980.9,2.0,5.4,9.4,260.0,272.0,247.0,4.0,5.0,10.0,-0.7071067811865477,0.7071067811865474,31.2,31.117884
2025-06-05 22:00:00,52.0,52.0,36.0,0.0,0.0,0.0,982.7,982.1,981.5,1.4,2.0,5.4,293.0,260.0,272.0,3.0,4.0,5.0,-0.5000000000000004,0.8660254037844384,30.4,30.386854
2025-06-05 23:00:00,54.0,52.0,52.0,0.0,0.0,0.0,983.1,982.7,982.1,1.8,1.4,2.0,264.0,293.0,260.0,1.0,3.0,4.0,-0.25881904510252157,0.9659258262890681,29.2,29.090618
2025-06-06 00:00:00,54.0,54.0,52.0,0.0,0.0,0.0,982.9,983.1,982.7,2.0,1.8,1.4,170.0,264.0,293.0,4.0,1.0,3.0,0.0,1.0,28.6,28.681204
2025-06-06 01:00:00,51.0,54.0,54.0,0.0,0.0,0.0,982.2,982.9,983.1,4.7,2.0,1.8,182.0,170.0,264.0,5.0,4.0,1.0,0.25881904510252074,0.9659258262890683,28.3,28.3286
2025-06-06 02:00:00,51.0,51.0,54.0,0.0,0.0,0.0,981.8,982.2,982.9,5.8,4.7,2.0,185.0,182.0,170.0,19.0,5.0,4.0,0.49999999999999994,0.8660254037844387,27.7,27.422789
2025-06-06 03:00:00,54.0,51.0,51.0,0.0,0.0,0.0,981.5,981.8,982.2,4.6,5.8,4.7,171.0,185.0,182.0,19.0,19.0,5.0,0.7071067811865475,0.7071067811865476,27.1,27.014843
2025-06-06 04:00:00,56.0,54.0,51.0,0.0,0.0,0.0,981.5,981.5,981.8,4.5,4.6,5.8,194.0,171.0,185.0,22.0,19.0,19.0,0.8660254037844386,0.5000000000000001,26.6,26.563135
2025-06-06 05:00:00,58.0,56.0,54.0,0.0,0.0,0.0,981.6,981.5,981.5,4.7,4.5,4.6,203.0,194.0,171.0,12.0,22.0,19.0,0.9659258262890683,0.25881904510252074,26.0,26.170057
2025-06-06 06:00:00,60.0,58.0,56.0,0.0,0.0,0.0,982.0,981.6,981.5,3.4,4.7,4.5,212.0,203.0,194.0,8.0,12.0,22.0,1.0,6.123233995736766e-17,29.1,29.095346
2025-06-06 07:00:00,58.0,60.0,58.0,0.0,0.0,0.0,982.9,982.0,981.6,3.7,3.4,4.7,349.0,212.0,203.0,6.0,8.0,12.0,0.9659258262890683,-0.25881904510252063,30.6,30.516264
2025-06-06 08:00:00,50.0,58.0,60.0,0.0,0.0,0.0,983.2,982.9,982.0,3.0,3.7,3.4,25.0,349.0,212.0,11.0,6.0,8.0,0.8660254037844387,-0.49999999999999983,32.7,32.37692
2025-06-06 09:00:00,40.0,50.0,58.0,0.0,0.0,0.0,983.5,983.2,982.9,1.1,3.0,3.7,90.0,25.0,349.0,0.0,11.0,6.0,0.7071067811865476,-0.7071067811865475,34.2,34.22351
2025-06-06 10:00:00,34.0,40.0,50.0,0.0,0.0,0.0,983.6,983.5,983.2,2.1,1.1,3.0,105.0,90.0,25.0,2.0,0.0,11.0,0.49999999999999994,-0.8660254037844387,35.7,35.482544
2025-06-06 11:00:00,29.0,34.0,40.0,0.0,0.0,0.0,983.5,983.6,983.5,2.2,2.1,1.1,222.0,105.0,90.0,32.0,2.0,0.0,0.258819045102521,-0.9659258262890682,36.2,36.164288
2025-06-06 12:00:00,29.0,29.0,34.0,0.0,0.0,0.0,982.9,983.5,983.6,6.5,2.2,2.1,210.0,222.0,105.0,15.0,32.0,2.0,1.2246467991473532e-16,-1.0,36.6,36.648556
2025-06-06 13:00:00,29.0,29.0,29.0,0.0,0.0,0.0,982.2,982.9,983.5,9.5,6.5,2.2,213.0,210.0,222.0,15.0,15.0,32.0,-0.2588190451025208,-0.9659258262890683,37.3,37.58787
2025-06-06 14:00:00,28.0,29.0,29.0,0.0,0.0,0.0,981.5,982.2,982.9,10.2,9.5,6.5,222.0,213.0,210.0,11.0,15.0,15.0,-0.4999999999999998,-0.8660254037844388,37.8,38.101696
2025-06-06 15:00:00,27.0,28.0,29.0,0.0,0.0,0.0,980.7,981.5,982.2,10.0,10.2,9.5,232.0,222.0,213.0,33.0,11.0,15.0,-0.7071067811865471,-0.7071067811865479,37.9,37.820717
2025-06-06 16:00:00,27.0,27.0,28.0,0.0,0.0,0.0,979.9,980.7,981.5,9.7,10.0,10.2,236.0,232.0,222.0,22.0,33.0,11.0,-0.8660254037844384,-0.5000000000000004,37.8,37.57474
2025-06-06 17:00:00,27.0,27.0,27.0,0.0,0.0,0.0,979.4,979.9,980.7,8.0,9.7,10.0,247.0,236.0,232.0,21.0,22.0,33.0,-0.9659258262890683,-0.25881904510252063,37.5,37.34494
2025-06-06 18:00:00,27.0,27.0,27.0,0.0,0.0,0.0,979.1,979.4,979.9,7.2,8.0,9.7,274.0,247.0,236.0,16.0,21.0,22.0,-1.0,-1.8369701987210297e-16,36.8,36.476204
2025-06-06 19:00:00,26.0,27.0,27.0,0.0,0.0,0.0,979.4,979.1,979.4,5.0,7.2,8.0,19.0,274.0,247.0,6.0,16.0,21.0,-0.9659258262890684,0.2588190451025203,34.9,34.638264
2025-06-06 20:00:00,33.0,26.0,27.0,0.0,0.0,0.0,979.9,979.4,979.1,8.6,5.0,7.2,75.0,19.0,274.0,0.0,6.0,16.0,-0.8660254037844386,0.5000000000000001,33.7,33.583126
2025-06-06 21:00:00,38.0,33.0,26.0,0.0,0.0,0.0,980.3,979.9,979.4,6.4,8.6,5.0,65.0,75.0,19.0,0.0,0.0,6.0,-0.7071067811865477,0.7071067811865474,32.6,32.49056
2025-06-06 22:00:00,41.0,38.0,33.0,0.0,0.0,0.0,980.8,980.3,979.9,4.3,6.4,8.6,114.0,65.0,75.0,0.0,0.0,0.0,-0.5000000000000004,0.8660254037844384,31.8,31.810919
2025-06-06 23:00:00,45.0,41.0,38.0,0.0,0.0,0.0,981.0,980.8,980.3,4.4,4.3,6.4,109.0,114.0,65.0,0.0,0.0,0.0,-0.25881904510252157,0.9659258262890681,30.9,30.860565
2025-06-07 00:00:00,48.0,45.0,41.0,0.0,0.0,0.0,980.5,981.0,980.8,4.0,4.4,4.3,126.0,109.0,114.0,0.0,0.0,0.0,0.0,1.0,30.4,30.538609
2025-06-07 01:00:00,49.0,48.0,45.0,0.0,0.0,0.0,980.0,980.5,981.0,5.2,4.0,4.4,164.0,126.0,109.0,0.0,0.0,0.0,0.25881904510252074,0.9659258262890683,29.8,30.00209
2025-06-07 02:00:00,50.0,49.0,48.0,0.0,0.0,0.0,979.8,980.0,980.5,7.4,5.2,4.0,177.0,164.0,126.0,0.0,0.0,0.0,0.49999999999999994,0.8660254037844387,29.2,29.15925
2025-06-07 03:00:00,51.0,50.0,49.0,0.0,0.0,0.0,979.6,979.8,980.0,7.4,7.4,5.2,179.0,177.0,164.0,0.0,0.0,0.0,0.7071067811865475,0.7071067811865476,28.7,28.782932
2025-06-07 04:00:00,52.0,51.0,50.0,0.0,0.0,0.0,979.4,979.6,979.8,8.0,7.4,7.4,185.0,179.0,177.0,0.0,0.0,0.0,0.8660254037844386,0.5000000000000001,28.4,28.710106
2025-06-07 05:00:00,52.0,52.0,51.0,0.0,0.0,0.0,979.7,979.4,979.6,7.9,8.0,7.4,192.0,185.0,179.0,0.0,0.0,0.0,0.9659258262890683,0.25881904510252074,28.1,28.262007
2025-06-07 06:00:00,52.0,52.0,52.0,0.0,0.0,0.0,980.2,979.7,979.4,7.2,7.9,8.0,194.0,192.0,185.0,0.0,0.0,0.0,1.0,6.123233995736766e-17,30.3,30.290318
2025-06-07 07:00:00,51.0,52.0,52.0,0.0,0.0,0.0,981.1,980.2,979.7,7.2,7.2,7.9,194.0,194.0,192.0,0.0,0.0,0.0,0.9659258262890683,-0.25881904510252063,32.0,31.987917
2025-06-07 08:00:00,46.0,51.0,52.0,0.0,0.0,0.0,981.8,981.1,980.2,5.1,7.2,7.2,203.0,194.0,194.0,0.0,0.0,0.0,0.8660254037844387,-0.49999999999999983,34.5,34.49106
2025-06-07 09:00:00,40.0,46.0,51.0,0.0,0.0,0.0,982.1,981.8,981.1,5.6,5.1,7.2,207.0,203.0,194.0,0.0,0.0,0.0,0.7071067811865476,-0.7071067811865475,37.0,37.207787
2025-06-07 10:00:00,30.0,40.0,46.0,0.0,0.0,0.0,982.1,982.1,981.8,7.3,5.6,5.1,216.0,207.0,203.0,0.0,0.0,0.0,0.49999999999999994,-0.8660254037844387,38.2,38.23192
2025-06-07 11:00:00,26.0,30.0,40.0,0.0,0.0,0.0,981.7,982.1,982.1,4.5,7.3,5.6,214.0,216.0,207.0,0.0,0.0,0.0,0.258819045102521,-0.9659258262890682,39.5,39.414238
2025-06-07 12:00:00,24.0,26.0,30.0,0.0,0.0,0.0,981.3,981.7,982.1,5.0,4.5,7.3,221.0,214.0,216.0,2.0,0.0,0.0,1.2246467991473532e-16,-1.0,41.0,40.954002
2025-06-07 13:00:00,22.0,24.0,26.0,0.0,0.0,0.0,980.5,981.3,981.7,9.3,5.0,4.5,230.0,221.0,214.0,5.0,2.0,0.0,-0.2588190451025208,-0.9659258262890683,41.3,41.26787
2025-06-07 14:00:00,22.0,22.0,24.0,0.0,0.0,0.0,979.8,980.5,981.3,7.7,9.3,5.0,269.0,230.0,221.0,21.0,5.0,2.0,-0.4999999999999998,-0.8660254037844388,40.4,40.608368
2025-06-07 15:00:00,23.0,22.0,22.0,0.0,0.0,0.0,979.0,979.8,980.5,6.8,7.7,9.3,25.0,269.0,230.0,34.0,21.0,5.0,-0.7071067811865471,-0.7071067811865479,40.3,40.48982
2025-06-07 16:00:00,24.0,23.0,22.0,0.0,0.0,0.0,978.2,979.0,979.8,6.7,6.8,7.7,27.0,25.0,269.0,10.0,34.0,21.0,-0.8660254037844384,-0.5000000000000004,39.9,40.289883
2025-06-07 17:00:00,24.0,24.0,23.0,0.0,0.0,0.0,977.8,978.2,979.0,8.5,6.7,6.8,24.0,27.0,25.0,37.0,10.0,34.0,-0.9659258262890683,-0.25881904510252063,38.9,38.780964
2025-06-07 18:00:00,27.0,24.0,24.0,0.0,0.0,0.0,977.4,977.8,978.2,8.1,8.5,6.7,43.0,24.0,27.0,13.0,37.0,10.0,-1.0,-1.8369701987210297e-16,37.1,37.24393
2025-06-07 19:00:00,33.0,27.0,24.0,0.0,0.0,0.0,978.1,977.4,977.8,10.4,8.1,8.5,76.0,43.0,24.0,1.0,13.0,37.0,-0.9659258262890684,0.2588190451025203,35.9,36.060394
2025-06-07 20:00:00,35.0,33.0,27.0,0.0,0.0,0.0,978.2,978.1,977.4,7.9,10.4,8.1,89.0,76.0,43.0,0.0,1.0,13.0,-0.8660254037844386,0.5000000000000001,35.0,35.06756
2025-06-07 21:00:00,37.0,35.0,33.0,0.0,0.0,0.0,978.2,978.2,978.1,8.3,7.9,10.4,89.0,89.0,76.0,1.0,0.0,1.0,-0.7071067811865477,0.7071067811865474,34.2,34.48334
2025-06-07 22:00:00,40.0,37.0,35.0,0.0,0.0,0.0,978.7,978.2,978.2,4.8,8.3,7.9,135.0,89.0,89.0,2.0,1.0,0.0,-0.5000000000000004,0.8660254037844384,33.5,33.405434
2025-06-07 23:00:00,43.0,40.0,37.0,0.0,0.0,0.0,978.8,978.7,978.2,5.0,4.8,8.3,159.0,135.0,89.0,0.0,2.0,1.0,-0.25881904510252157,0.9659258262890681,33.0,33.02997
2025-06-08 00:00:00,44.0,43.0,40.0,0.0,0.0,0.0,978.7,978.8,978.7,4.0,5.0,4.8,162.0,159.0,135.0,0.0,0.0,2.0,0.0,1.0,32.4,32.51342
2025-06-08 01:00:00,46.0,44.0,43.0,0.0,0.0,0.0,978.3,978.7,978.8,5.6,4.0,5.0,187.0,162.0,159.0,0.0,0.0,0.0,0.25881904510252074,0.9659258262890683,31.3,31.410437
2025-06-08 02:00:00,50.0,46.0,44.0,0.0,0.0,0.0,978.0,978.3,978.7,6.9,5.6,4.0,200.0,187.0,162.0,0.0,0.0,0.0,0.49999999999999994,0.8660254037844387,30.6,30.547094
2025-06-08 03:00:00,52.0,50.0,46.0,0.0,0.0,0.0,977.8,978.0,978.3,6.7,6.9,5.6,207.0,200.0,187.0,0.0,0.0,0.0,0.7071067811865475,0.7071067811865476,30.0,30.052681
2025-06-08 04:00:00,53.0,52.0,50.0,0.0,0.0,0.0,978.0,977.8,978.0,7.4,6.7,6.9,212.0,207.0,200.0,0.0,0.0,0.0,0.8660254037844386,0.5000000000000001,29.7,29.441402
2025-06-08 05:00:00,52.0,53.0,52.0,0.0,0.0,0.0,978.4,978.0,977.8,7.4,7.4,6.7,209.0,212.0,207.0,0.0,0.0,0.0,0.9659258262890683,0.25881904510252074,29.7,29.346191
2025-06-08 06:00:00,51.0,52.0,53.0,0.0,0.0,0.0,978.4,978.4,978.0,7.3,7.4,7.4,187.0,209.0,212.0,0.0,0.0,0.0,1.0,6.123233995736766e-17,31.4,31.022942
2025-06-08 07:00:00,49.0,51.0,52.0,0.0,0.0,0.0,979.9,978.4,978.4,7.3,7.3,7.4,211.0,187.0,209.0,0.0,0.0,0.0,0.9659258262890683,-0.25881904510252063,32.9,33.208984
2025-06-08 08:00:00,45.0,49.0,51.0,0.0,0.0,0.0,980.5,979.9,978.4,6.1,7.3,7.3,210.0,211.0,187.0,0.0,0.0,0.0,0.8660254037844387,-0.49999999999999983,35.1,34.87717
2025-06-08 09:00:00,40.0,45.0,49.0,0.0,0.0,0.0,980.8,980.5,979.9,2.7,6.1,7.3,160.0,210.0,211.0,0.0,0.0,0.0,0.7071067811865476,-0.7071067811865475,37.3,37.144978
2025-06-08 10:00:00,35.0,40.0,45.0,0.0,0.0,0.0,980.9,980.8,980.5,3.1,2.7,6.1,152.0,160.0,210.0,0.0,0.0,0.0,0.49999999999999994,-0.8660254037844387,39.2,39.34934
2025-06-08 11:00:00,29.0,35.0,40.0,0.0,0.0,0.0,980.5,980.9,980.8,4.7,3.1,2.7,208.0,152.0,160.0,0.0,0.0,0.0,0.258819045102521,-0.9659258262890682,40.7,40.500965
2025-06-08 12:00:00,25.0,29.0,35.0,0.0,0.0,0.0,980.0,980.5,980.9,5.4,4.7,3.1,249.0,208.0,152.0,7.0,0.0,0.0,1.2246467991473532e-16,-1.0,41.9,41.890293
2025-06-08 13:00:00,23.0,25.0,29.0,0.0,0.0,0.0,979.1,980.0,980.5,7.8,5.4,4.7,274.0,249.0,208.0,16.0,7.0,0.0,-0.2588190451025208,-0.9659258262890683,42.7,42.34099
2025-06-08 14:00:00,21.0,23.0,25.0,0.0,0.0,0.0,978.0,979.1,980.0,10.0,7.8,5.4,290.0,274.0,249.0,6.0,16.0,7.0,-0.4999999999999998,-0.8660254037844388,42.9,42.48777
2025-06-08 15:00:00,20.0,21.0,23.0,0.0,0.0,0.0,977.2,978.0,979.1,11.4,10.0,7.8,296.0,290.0,274.0,18.0,6.0,16.0,-0.7071067811865471,-0.7071067811865479,42.9,42.721523
2025-06-08 16:00:00,20.0,20.0,21.0,0.0,0.0,0.0,976.4,977.2,978.0,11.9,11.4,10.0,290.0,296.0,290.0,13.0,18.0,6.0,-0.8660254037844384,-0.5000000000000004,42.1,42.362335
2025-06-08 17:00:00,21.0,20.0,20.0,0.0,0.0,0.0,976.1,976.4,977.2,14.0,11.9,11.4,296.0,290.0,296.0,10.0,13.0,18.0,-0.9659258262890683,-0.25881904510252063,41.1,41.27539
2025-06-08 18:00:00,23.0,21.0,20.0,0.0,0.0,0.0,975.9,976.1,976.4,14.6,14.0,11.9,297.0,296.0,290.0,0.0,10.0,13.0,-1.0,-1.8369701987210297e-16,41.7,41.154877
2025-06-08 19:00:00,20.0,23.0,21.0,0.0,0.0,0.0,975.8,975.9,976.1,13.0,14.6,14.0,294.0,297.0,296.0,0.0,0.0,10.0,-0.9659258262890684,0.2588190451025203,40.3,40.22567
2025-06-08 20:00:00,23.0,20.0,23.0,0.0,0.0,0.0,975.8,975.8,975.9,8.1,13.0,14.6,313.0,294.0,297.0,1.0,0.0,0.0,-0.8660254037844386,0.5000000000000001,38.7,38.869095
2025-06-08 21:00:00,29.0,23.0,20.0,0.0,0.0,0.0,976.5,975.8,975.8,5.5,8.1,13.0,13.0,313.0,294.0,0.0,1.0,0.0,-0.7071067811865477,0.7071067811865474,37.1,36.892666
2025-06-08 22:00:00,41.0,29.0,23.0,0.0,0.0,0.0,976.8,976.5,975.8,1.7,5.5,8.1,139.0,13.0,313.0,0.0,0.0,1.0,-0.5000000000000004,0.8660254037844384,35.9,35.717606
2025-06-08 23:00:00,41.0,41.0,29.0,0.0,0.0,0.0,976.6,976.8,976.5,3.3,1.7,5.5,186.0,139.0,13.0,0.0,0.0,0.0,-0.25881904510252157,0.9659258262890681,34.8,34.74914
2025-06-09 00:00:00,43.0,41.0,41.0,0.0,0.0,0.0,976.2,976.6,976.8,3.2,3.3,1.7,196.0,186.0,139.0,0.0,0.0,0.0,0.0,1.0,34.0,33.66053
2025-06-09 01:00:00,45.0,43.0,41.0,0.0,0.0,0.0,975.9,976.2,976.6,3.1,3.2,3.3,225.0,196.0,186.0,0.0,0.0,0.0,0.25881904510252074,0.9659258262890683,33.5,33.03206
2025-06-09 02:00:00,42.0,45.0,43.0,0.0,0.0,0.0,976.0,975.9,976.2,9.0,3.1,3.2,244.0,225.0,196.0,0.0,0.0,0.0,0.49999999999999994,0.8660254037844387,31.9,31.838812
2025-06-09 03:00:00,43.0,42.0,45.0,0.0,0.0,0.0,976.1,976.0,975.9,6.8,9.0,3.1,252.0,244.0,225.0,0.0,0.0,0.0,0.7071067811865475,0.7071067811865476,31.0,30.840773
2025-06-09 04:00:00,43.0,43.0,42.0,0.0,0.0,0.0,976.0,976.1,976.0,5.1,6.8,9.0,262.0,252.0,244.0,0.0,0.0,0.0,0.8660254037844386,0.5000000000000001,30.3,30.574915
2025-06-09 05:00:00,46.0,43.0,43.0,0.0,0.0,0.0,976.3,976.0,976.1,3.1,5.1,6.8,242.0,262.0,252.0,0.0,0.0,0.0,0.9659258262890683,0.25881904510252074,30.1,30.214924
2025-06-09 06:00:00,44.0,46.0,43.0,0.0,0.0,0.0,976.7,976.3,976.0,5.1,3.1,5.1,253.0,242.0,262.0,0.0,0.0,0.0,1.0,6.123233995736766e-17,32.6,32.382015
2025-06-09 07:00:00,45.0,44.0,46.0,0.0,0.0,0.0,978.0,976.7,976.3,5.6,5.1,3.1,287.0,253.0,242.0,0.0,0.0,0.0,0.9659258262890683,-0.25881904510252063,33.8,33.64599
2025-06-09 08:00:00,42.0,45.0,44.0,0.0,0.0,0.0,978.6,978.0,976.7,5.6,5.6,5.1,274.0,287.0,253.0,0.0,0.0,0.0,0.8660254037844387,-0.49999999999999983,35.9,36.013542
2025-06-09 09:00:00,36.0,42.0,45.0,0.0,0.0,0.0,978.9,978.6,978.0,5.9,5.6,5.6,268.0,274.0,287.0,0.0,0.0,0.0,0.7071067811865476,-0.7071067811865475,37.9,37.78854
2025-06-09 10:00:00,31.0,36.0,42.0,0.0,0.0,0.0,979.4,978.9,978.6,9.3,5.9,5.6,280.0,268.0,274.0,0.0,0.0,0.0,0.49999999999999994,-0.8660254037844387,40.0,39.104786
2025-06-09 11:00:00,25.0,31.0,36.0,0.0,0.0,0.0,979.2,979.4,978.9,10.8,9.3,5.9,288.0,280.0,268.0,0.0,0.0,0.0,0.258819045102521,-0.9659258262890682,41.5,41.60611
2025-06-09 12:00:00,21.0,25.0,31.0,0.0,0.0,0.0,978.8,979.2,979.4,11.9,10.8,9.3,295.0,288.0,280.0,0.0,0.0,0.0,1.2246467991473532e-16,-1.0,42.6,42.60748
2025-06-09 13:00:00,19.0,21.0,25.0,0.0,0.0,0.0,978.1,978.8,979.2,11.8,11.9,10.8,301.0,295.0,288.0,0.0,0.0,0.0,-0.2588190451025208,-0.9659258262890683,43.4,43.030964
2025-06-09 14:00:00,17.0,19.0,21.0,0.0,0.0,0.0,977.0,978.1,978.8,12.0,11.8,11.9,305.0,301.0,295.0,0.0,0.0,0.0,-0.4999999999999998,-0.8660254037844388,43.8,43.476448
2025-06-09 15:00:00,16.0,17.0,19.0,0.0,0.0,0.0,976.0,977.0,978.1,13.4,12.0,11.8,302.0,305.0,301.0,0.0,0.0,0.0,-0.7071067811865471,-0.7071067811865479,43.5,43.223
2025-06-09 16:00:00,16.0,16.0,17.0,0.0,0.0,0.0,975.1,976.0,977.0,15.5,13.4,12.0,299.0,302.0,305.0,0.0,0.0,0.0,-0.8660254037844384,-0.5000000000000004,42.5,42.675762
2025-06-09 17:00:00,19.0,16.0,16.0,0.0,0.0,0.0,974.5,975.1,976.0,16.5,15.5,13.4,304.0,299.0,302.0,0.0,0.0,0.0,-0.9659258262890683,-0.25881904510252063,41.8,41.71359
2025-06-09 18:00:00,21.0,19.0,16.0,0.0,0.0,0.0,974.4,974.5,975.1,14.8,16.5,15.5,306.0,304.0,299.0,0.0,0.0,0.0,-1.0,-1.8369701987210297e-16,41.6,41.538788
2025-06-09 19:00:00,18.0,21.0,19.0,0.0,0.0,0.0,974.3,974.4,974.5,15.9,14.8,16.5,298.0,306.0,304.0,1.0,0.0,0.0,-0.9659258262890684,0.2588190451025203,40.1,40.202675
2025-06-09 20:00:00,19.0,18.0,21.0,0.0,0.0,0.0,974.2,974.3,974.4,14.5,15.9,14.8,290.0,298.0,306.0,0.0,1.0,0.0,-0.8660254037844386,0.5000000000000001,39.3,39.425766
2025-06-09 21:00:00,17.0,19.0,18.0,0.0,0.0,0.0,974.5,974.2,974.3,12.0,14.5,15.9,296.0,290.0,298.0,0.0,0.0,1.0,-0.7071067811865477,0.7071067811865474,38.0,38.23862
2025-06-09 22:00:00,19.0,17.0,19.0,0.0,0.0,0.0,974.7,974.5,974.2,8.5,12.0,14.5,302.0,296.0,290.0,0.0,0.0,0.0,-0.5000000000000004,0.8660254037844384,36.8,36.816975
2025-06-09 23:00:00,21.0,19.0,17.0,0.0,0.0,0.0,974.6,974.7,974.5,6.9,8.5,12.0,293.0,302.0,296.0,0.0,0.0,0.0,-0.25881904510252157,0.9659258262890681,36.1,36.436146
2025-06-10 00:00:00,22.0,21.0,19.0,0.0,0.0,0.0,974.5,974.6,974.7,7.8,6.9,8.5,283.0,293.0,302.0,0.0,0.0,0.0,0.0,1.0,34.5,34.408463
2025-06-10 01:00:00,25.0,22.0,21.0,0.0,0.0,0.0,974.5,974.5,974.6,8.0,7.8,6.9,261.0,283.0,293.0,0.0,0.0,0.0,0.25881904510252074,0.9659258262890683,32.9,32.90234
2025-06-10 02:00:00,28.0,25.0,22.0,0.0,0.0,0.0,974.2,974.5,974.5,8.1,8.0,7.8,252.0,261.0,283.0,0.0,0.0,0.0,0.49999999999999994,0.8660254037844387,31.9,32.022182
2025-06-10 03:00:00,28.0,28.0,25.0,0.0,0.0,0.0,974.1,974.2,974.5,8.0,8.1,8.0,252.0,252.0,261.0,0.0,0.0,0.0,0.7071067811865475,0.7071067811865476,31.2,31.056572
2025-06-10 04:00:00,28.0,28.0,28.0,0.0,0.0,0.0,974.7,974.1,974.2,7.7,8.0,8.1,259.0,252.0,252.0,0.0,0.0,0.0,0.8660254037844386,0.5000000000000001,30.6,30.567892
2025-06-10 05:00:00,28.0,28.0,28.0,0.0,0.0,0.0,975.3,974.7,974.1,8.0,7.7,8.0,261.0,259.0,252.0,0.0,0.0,0.0,0.9659258262890683,0.25881904510252074,30.2,30.392193
2025-06-10 06:00:00,28.0,28.0,28.0,0.0,0.0,0.0,975.9,975.3,974.7,9.0,8.0,7.7,273.0,261.0,259.0,0.0,0.0,0.0,1.0,6.123233995736766e-17,32.1,31.867067
2025-06-10 07:00:00,29.0,28.0,28.0,0.0,0.0,0.0,977.2,975.9,975.3,7.9,9.0,8.0,294.0,273.0,261.0,0.0,0.0,0.0,0.9659258262890683,-0.25881904510252063,33.8,34.081017
2025-06-10 08:00:00,26.0,29.0,28.0,0.0,0.0,0.0,977.7,977.2,975.9,7.2,7.9,9.0,292.0,294.0,273.0,0.0,0.0,0.0,0.8660254037844387,-0.49999999999999983,35.8,35.899906
2025-06-10 09:00:00,22.0,26.0,29.0,0.0,0.0,0.0,978.1,977.7,977.2,9.3,7.2,7.9,295.0,292.0,294.0,0.0,0.0,0.0,0.7071067811865476,-0.7071067811865475,37.9,38.21161
2025-06-10 10:00:00,20.0,22.0,26.0,0.0,0.0,0.0,978.3,978.1,977.7,11.5,9.3,7.2,302.0,295.0,292.0,0.0,0.0,0.0,0.49999999999999994,-0.8660254037844387,39.6,39.802547
2025-06-10 11:00:00,19.0,20.0,22.0,0.0,0.0,0.0,978.3,978.3,978.1,12.5,11.5,9.3,305.0,302.0,295.0,0.0,0.0,0.0,0.258819045102521,-0.9659258262890682,41.1,41.475246
2025-06-10 12:00:00,18.0,19.0,20.0,0.0,0.0,0.0,977.9,978.3,978.3,12.4,12.5,11.5,312.0,305.0,302.0,0.0,0.0,0.0,1.2246467991473532e-16,-1.0,42.3,42.668224
2025-06-10 13:00:00,17.0,18.0,19.0,0.0,0.0,0.0,977.3,977.9,978.3,12.5,12.4,12.5,311.0,312.0,305.0,0.0,0.0,0.0,-0.2588190451025208,-0.9659258262890683,42.8,42.97345
2025-06-10 14:00:00,16.0,17.0,18.0,0.0,0.0,0.0,976.4,977.3,977.9,14.0,12.5,12.4,307.0,311.0,312.0,0.0,0.0,0.0,-0.4999999999999998,-0.8660254037844388,43.2,43.088238
2025-06-10 15:00:00,15.0,16.0,17.0,0.0,0.0,0.0,975.4,976.4,977.3,14.4,14.0,12.5,304.0,307.0,311.0,0.0,0.0,0.0,-0.7071067811865471,-0.7071067811865479,43.0,43.03561
2025-06-10 16:00:00,15.0,15.0,16.0,0.0,0.0,0.0,974.6,975.4,976.4,14.4,14.4,14.0,304.0,304.0,307.0,0.0,0.0,0.0,-0.8660254037844384,-0.5000000000000004,42.4,42.675762
2025-06-10 17:00:00,16.0,15.0,15.0,0.0,0.0,0.0,974.1,974.6,975.4,13.0,14.4,14.4,303.0,304.0,304.0,0.0,0.0,0.0,-0.9659258262890683,-0.25881904510252063,41.7,41.64206
2025-06-10 18:00:00,18.0,16.0,15.0,0.0,0.0,0.0,974.1,974.1,974.6,10.8,13.0,14.4,313.0,303.0,304.0,0.0,0.0,0.0,-1.0,-1.8369701987210297e-16,41.7,41.57428
2025-06-10 19:00:00,17.0,18.0,16.0,0.0,0.0,0.0,973.9,974.1,974.1,11.1,10.8,13.0,307.0,313.0,303.0,0.0,0.0,0.0,-0.9659258262890684,0.2588190451025203,40.4,40.140335
2025-06-10 20:00:00,19.0,17.0,18.0,0.0,0.0,0.0,974.3,973.9,974.1,7.9,11.1,10.8,317.0,307.0,313.0,0.0,0.0,0.0,-0.8660254037844386,0.5000000000000001,39.8,39.43503
2025-06-10 21:00:00,19.0,19.0,17.0,0.0,0.0,0.0,974.5,974.3,973.9,5.5,7.9,11.1,328.0,317.0,307.0,0.0,0.0,0.0,-0.7071067811865477,0.7071067811865474,38.7,38.60055
2025-06-10 22:00:00,22.0,19.0,19.0,0.0,0.0,0.0,975.0,974.5,974.3,1.0,5.5,7.9,31.0,328.0,317.0,0.0,0.0,0.0,-0.5000000000000004,0.8660254037844384,36.6,36.56055
2025-06-10 23:00:00,26.0,22.0,19.0,0.0,0.0,0.0,975.6,975.0,974.5,2.2,1.0,5.5,166.0,31.0,328.0,0.0,0.0,0.0,-0.25881904510252157,0.9659258262890681,36.0,36.004517
2025-06-11 00:00:00,28.0,26.0,22.0,0.0,0.0,0.0,975.4,975.6,975.0,1.2,2.2,1.0,117.0,166.0,31.0,0.0,0.0,0.0,0.0,1.0,34.3,34.401318
2025-06-11 01:00:00,30.0,28.0,26.0,0.0,0.0,0.0,975.5,975.4,975.6,4.2,1.2,2.2,175.0,117.0,166.0,0.0,0.0,0.0,0.25881904510252074,0.9659258262890683,32.8,32.806145
2025-06-11 02:00:00,36.0,30.0,28.0,0.0,0.0,0.0,975.2,975.5,975.4,3.3,4.2,1.2,167.0,175.0,117.0,0.0,0.0,0.0,0.49999999999999994,0.8660254037844387,31.9,32.12688
2025-06-11 03:00:00,39.0,36.0,30.0,0.0,0.0,0.0,974.8,975.2,975.5,5.5,3.3,4.2,197.0,167.0,175.0,0.0,0.0,0.0,0.7071067811865475,0.7071067811865476,31.1,31.304457
2025-06-11 04:00:00,41.0,39.0,36.0,0.0,0.0,0.0,974.8,974.8,975.2,3.8,5.5,3.3,191.0,197.0,167.0,0.0,0.0,0.0,0.8660254037844386,0.5000000000000001,30.5,30.825249
2025-06-11 05:00:00,45.0,41.0,39.0,0.0,0.0,0.0,976.0,974.8,974.8,2.6,3.8,5.5,309.0,191.0,197.0,0.0,0.0,0.0,0.9659258262890683,0.25881904510252074,30.2,30.2035
2025-06-11 06:00:00,44.0,45.0,41.0,0.0,0.0,0.0,976.5,976.0,974.8,2.1,2.6,3.8,218.0,309.0,191.0,0.0,0.0,0.0,1.0,6.123233995736766e-17,33.0,32.8841
2025-06-11 07:00:00,29.0,44.0,45.0,0.0,0.0,0.0,976.8,976.5,976.0,11.4,2.1,2.6,273.0,218.0,309.0,0.0,0.0,0.0,0.9659258262890683,-0.25881904510252063,34.3,34.445232
2025-06-11 08:00:00,27.0,29.0,44.0,0.0,0.0,0.0,977.5,976.8,976.5,9.4,11.4,2.1,278.0,273.0,218.0,0.0,0.0,0.0,0.8660254037844387,-0.49999999999999983,36.2,36.223103
2025-06-11 09:00:00,25.0,27.0,29.0,0.0,0.0,0.0,978.0,977.5,976.8,10.4,9.4,11.4,296.0,278.0,273.0,0.0,0.0,0.0,0.7071067811865476,-0.7071067811865475,38.2,38.2808
2025-06-11 10:00:00,24.0,25.0,27.0,0.0,0.0,0.0,978.3,978.0,977.5,10.6,10.4,9.4,318.0,296.0,278.0,0.0,0.0,0.0,0.49999999999999994,-0.8660254037844387,39.9,39.903156
2025-06-11 11:00:00,23.0,24.0,25.0,0.0,0.0,0.0,978.1,978.3,978.0,10.0,10.6,10.4,334.0,318.0,296.0,0.0,0.0,0.0,0.258819045102521,-0.9659258262890682,41.3,41.50839
2025-06-11 12:00:00,22.0,23.0,24.0,0.0,0.0,0.0,977.9,978.1,978.3,9.3,10.0,10.6,335.0,334.0,318.0,0.0,0.0,0.0,1.2246467991473532e-16,-1.0,42.4,42.287254
2025-06-11 13:00:00,20.0,22.0,23.0,0.0,0.0,0.0,977.2,977.9,978.1,8.5,9.3,10.0,333.0,335.0,334.0,0.0,0.0,0.0,-0.2588190451025208,-0.9659258262890683,43.2,43.143047
2025-06-11 14:00:00,19.0,20.0,22.0,0.0,0.0,0.0,976.4,977.2,977.9,8.3,8.5,9.3,321.0,333.0,335.0,0.0,0.0,0.0,-0.4999999999999998,-0.8660254037844388,43.7,43.343582
2025-06-11 15:00:00,19.0,19.0,20.0,0.0,0.0,0.0,975.4,976.4,977.2,8.8,8.3,8.5,316.0,321.0,333.0,0.0,0.0,0.0,-0.7071067811865471,-0.7071067811865479,43.5,43.321762
2025-06-11 16:00:00,19.0,19.0,19.0,0.0,0.0,0.0,974.6,975.4,976.4,9.4,8.8,8.3,320.0,316.0,321.0,0.0,0.0,0.0,-0.8660254037844384,-0.5000000000000004,42.8,42.815495
2025-06-11 17:00:00,21.0,19.0,19.0,0.0,0.0,0.0,974.1,974.6,975.4,9.5,9.4,8.8,331.0,320.0,316.0,0.0,0.0,0.0,-0.9659258262890683,-0.25881904510252063,41.6,41.598354
2025-06-11 18:00:00,24.0,21.0,19.0,0.0,0.0,0.0,974.3,974.1,974.6,9.3,9.5,9.4,352.0,331.0,320.0,0.0,0.0,0.0,-1.0,-1.8369701987210297e-16,40.9,40.903
2025-06-11 19:00:00,24.0,24.0,21.0,0.0,0.0,0.0,974.9,974.3,974.1,4.9,9.3,9.5,24.0,352.0,331.0,0.0,0.0,0.0,-0.9659258262890684,0.2588190451025203,38.7,38.81868
2025-06-11 20:00:00,35.0,24.0,24.0,0.0,0.0,0.0,975.2,974.9,974.3,11.2,4.9,9.3,85.0,24.0,352.0,1.0,0.0,0.0,-0.8660254037844386,0.5000000000000001,36.9,37.015594
2025-06-11 21:00:00,45.0,35.0,24.0,0.0,0.0,0.0,975.5,975.2,974.9,11.6,11.2,4.9,98.0,85.0,24.0,0.0,1.0,0.0,-0.7071067811865477,0.7071067811865474,36.1,35.99682
2025-06-11 22:00:00,50.0,45.0,35.0,0.0,0.0,0.0,976.0,975.5,975.2,10.6,11.6,11.2,87.0,98.0,85.0,2.0,0.0,1.0,-0.5000000000000004,0.8660254037844384,35.0,34.82137
2025-06-11 23:00:00,55.0,50.0,45.0,0.0,0.0,0.0,976.4,976.0,975.5,8.5,10.6,11.6,95.0,87.0,98.0,2.0,2.0,0.0,-0.25881904510252157,0.9659258262890681,34.3,34.125553
2025-06-12 00:00:00,58.0,55.0,50.0,0.0,0.0,0.0,976.4,976.4,976.0,7.3,8.5,10.6,130.0,95.0,87.0,0.0,2.0,2.0,0.0,1.0,33.6,33.17623
2025-06-12 01:00:00,60.0,58.0,55.0,0.0,0.0,0.0,976.2,976.4,976.4,7.5,7.3,8.5,132.0,130.0,95.0,0.0,0.0,2.0,0.25881904510252074,0.9659258262890683,33.1,32.86129
2025-06-12 02:00:00,61.0,60.0,58.0,0.0,0.0,0.0,975.9,976.2,976.4,6.9,7.5,7.3,131.0,132.0,130.0,0.0,0.0,0.0,0.49999999999999994,0.8660254037844387,32.7,32.66221
2025-06-12 03:00:00,62.0,61.0,60.0,0.0,0.0,0.0,975.9,975.9,976.2,7.5,6.9,7.5,134.0,131.0,132.0,1.0,0.0,0.0,0.7071067811865475,0.7071067811865476,32.2,31.792933
2025-06-12 04:00:00,63.0,62.0,61.0,0.0,0.0,0.0,976.1,975.9,975.9,8.4,7.5,6.9,113.0,134.0,131.0,1.0,1.0,0.0,0.8660254037844386,0.5000000000000001,31.7,31.51474
2025-06-12 05:00:00,64.0,63.0,62.0,0.0,0.0,0.0,976.5,976.1,975.9,7.6,8.4,7.5,117.0,113.0,134.0,0.0,1.0,1.0,0.9659258262890683,0.25881904510252074,31.2,31.095852
2025-06-12 06:00:00,65.0,64.0,63.0,0.0,0.0,0.0,976.9,976.5,976.1,8.1,7.6,8.4,114.0,117.0,113.0,3.0,0.0,1.0,1.0,6.123233995736766e-17,32.5,32.44167
2025-06-12 07:00:00,62.0,65.0,64.0,0.0,0.0,0.0,976.8,976.9,976.5,6.6,8.1,7.6,135.0,114.0,117.0,0.0,3.0,0.0,0.9659258262890683,-0.25881904510252063,33.8,33.845062
2025-06-12 08:00:00,55.0,62.0,65.0,0.0,0.0,0.0,977.3,976.8,976.9,5.9,6.6,8.1,140.0,135.0,114.0,1.0,0.0,3.0,0.8660254037844387,-0.49999999999999983,35.7,35.819572
2025-06-12 09:00:00,47.0,55.0,62.0,0.0,0.0,0.0,977.7,977.3,976.8,5.9,5.9,6.6,140.0,140.0,135.0,1.0,1.0,0.0,0.7071067811865476,-0.7071067811865475,37.7,37.135693
2025-06-12 10:00:00,40.0,47.0,55.0,0.0,0.0,0.0,977.9,977.7,977.3,5.9,5.9,5.9,117.0,140.0,140.0,0.0,1.0,1.0,0.49999999999999994,-0.8660254037844387,39.4,39.19329
2025-06-12 11:00:00,36.0,40.0,47.0,0.0,0.0,0.0,977.8,977.9,977.7,8.1,5.9,5.9,118.0,117.0,140.0,0.0,0.0,1.0,0.258819045102521,-0.9659258262890682,40.9,40.80999
2025-06-12 12:00:00,33.0,36.0,40.0,0.0,0.0,0.0,977.5,977.8,977.9,8.8,8.1,5.9,113.0,118.0,117.0,55.0,0.0,0.0,1.2246467991473532e-16,-1.0,41.6,41.283768
2025-06-12 13:00:00,31.0,33.0,36.0,0.0,0.0,0.0,976.8,977.5,977.8,8.1,8.8,8.1,122.0,113.0,118.0,47.0,55.0,0.0,-0.2588190451025208,-0.9659258262890683,42.0,41.826244
2025-06-12 14:00:00,29.0,31.0,33.0,0.1,0.0,0.0,975.9,976.8,977.5,6.6,8.1,8.8,137.0,122.0,113.0,35.0,47.0,55.0,-0.4999999999999998,-0.8660254037844388,42.7,42.566887
2025-06-12 15:00:00,27.0,29.0,31.0,0.0,0.1,0.0,974.8,975.9,976.8,5.5,6.6,8.1,136.0,137.0,122.0,13.0,35.0,47.0,-0.7071067811865471,-0.7071067811865479,43.2,42.535866
2025-06-12 16:00:00,25.0,27.0,29.0,0.0,0.0,0.1,973.9,974.8,975.9,3.9,5.5,6.6,118.0,136.0,137.0,19.0,13.0,35.0,-0.8660254037844384,-0.5000000000000004,42.0,41.941994
2025-06-12 17:00:00,27.0,25.0,27.0,0.0,0.0,0.0,974.0,973.9,974.8,6.4,3.9,5.5,65.0,118.0,136.0,31.0,19.0,13.0,-0.9659258262890683,-0.25881904510252063,38.7,38.953358
2025-06-12 18:00:00,40.0,27.0,25.0,0.4,0.0,0.0,974.4,974.0,973.9,6.4,6.4,3.9,115.0,65.0,118.0,41.0,31.0,19.0,-1.0,-1.8369701987210297e-16,40.1,39.420166
2025-06-12 19:00:00,30.0,40.0,27.0,0.0,0.4,0.0,974.7,974.4,974.0,10.5,6.4,6.4,85.0,115.0,65.0,18.0,41.0,31.0,-0.9659258262890684,0.2588190451025203,38.4,38.139526
2025-06-12 20:00:00,39.0,30.0,40.0,0.0,0.0,0.4,975.3,974.7,974.4,11.7,10.5,6.4,89.0,85.0,115.0,7.0,18.0,41.0,-0.8660254037844386,0.5000000000000001,37.3,37.25585
2025-06-12 21:00:00,42.0,39.0,30.0,0.0,0.0,0.0,975.6,975.3,974.7,10.5,11.7,10.5,96.0,89.0,85.0,1.0,7.0,18.0,-0.7071067811865477,0.7071067811865474,36.6,36.951283
2025-06-12 22:00:00,45.0,42.0,39.0,0.0,0.0,0.0,976.0,975.6,975.3,10.6,10.5,11.7,100.0,96.0,89.0,0.0,1.0,7.0,-0.5000000000000004,0.8660254037844384,35.6,35.606915
2025-06-12 23:00:00,49.0,45.0,42.0,0.0,0.0,0.0,976.3,976.0,975.6,9.6,10.6,10.5,99.0,100.0,96.0,0.0,0.0,1.0,-0.25881904510252157,0.9659258262890681,34.8,34.786167
2025-06-13 00:00:00,51.0,49.0,45.0,0.0,0.0,0.0,976.4,976.3,976.0,8.9,9.6,10.6,103.0,99.0,100.0,0.0,0.0,0.0,0.0,1.0,34.1,33.917534
2025-06-13 01:00:00,52.0,51.0,49.0,0.0,0.0,0.0,976.3,976.4,976.3,10.9,8.9,9.6,102.0,103.0,99.0,0.0,0.0,0.0,0.25881904510252074,0.9659258262890683,33.3,33.47511
2025-06-13 02:00:00,53.0,52.0,51.0,0.0,0.0,0.0,976.4,976.3,976.4,9.3,10.9,8.9,114.0,102.0,103.0,0.0,0.0,0.0,0.49999999999999994,0.8660254037844387,32.7,32.825993
2025-06-13 03:00:00,55.0,53.0,52.0,0.0,0.0,0.0,976.6,976.4,976.3,9.6,9.3,10.9,116.0,114.0,102.0,1.0,0.0,0.0,0.7071067811865475,0.7071067811865476,32.2,32.463528
2025-06-13 04:00:00,56.0,55.0,53.0,0.0,0.0,0.0,976.7,976.6,976.4,8.9,9.6,9.3,119.0,116.0,114.0,10.0,1.0,0.0,0.8660254037844386,0.5000000000000001,31.8,31.85569
2025-06-13 05:00:00,58.0,56.0,55.0,0.0,0.0,0.0,977.0,976.7,976.6,8.3,8.9,9.6,114.0,119.0,116.0,9.0,10.0,1.0,0.9659258262890683,0.25881904510252074,31.4,31.57901
2025-06-13 06:00:00,60.0,58.0,56.0,0.0,0.0,0.0,977.6,977.0,976.7,9.2,8.3,8.9,107.0,114.0,119.0,12.0,9.0,10.0,1.0,6.123233995736766e-17,33.3,32.589684
2025-06-13 07:00:00,60.0,60.0,58.0,0.0,0.0,0.0,977.4,977.6,977.0,7.8,9.2,8.3,122.0,107.0,114.0,0.0,12.0,9.0,0.9659258262890683,-0.25881904510252063,34.5,34.182228
2025-06-13 08:00:00,56.0,60.0,60.0,0.0,0.0,0.0,977.5,977.4,977.6,9.3,7.8,9.2,134.0,122.0,107.0,0.0,0.0,12.0,0.8660254037844387,-0.49999999999999983,36.1,35.96572
2025-06-13 09:00:00,48.0,56.0,60.0,0.0,0.0,0.0,977.8,977.5,977.4,10.3,9.3,7.8,144.0,134.0,122.0,0.0,0.0,0.0,0.7071067811865476,-0.7071067811865475,37.9,37.90535
2025-06-13 10:00:00,41.0,48.0,56.0,0.0,0.0,0.0,978.4,977.8,977.5,9.2,10.3,9.3,135.0,144.0,134.0,0.0,0.0,0.0,0.49999999999999994,-0.8660254037844387,39.7,39.7978
2025-06-13 11:00:00,36.0,41.0,48.0,0.0,0.0,0.0,978.8,978.4,977.8,9.3,9.2,10.3,119.0,135.0,144.0,6.0,0.0,0.0,0.258819045102521,-0.9659258262890682,40.9,40.833645
2025-06-13 12:00:00,32.0,36.0,41.0,0.0,0.0,0.0,978.3,978.8,978.4,10.0,9.3,9.2,131.0,119.0,135.0,24.0,6.0,0.0,1.2246467991473532e-16,-1.0,41.2,40.98924
2025-06-13 13:00:00,33.0,32.0,36.0,0.0,0.0,0.0,977.6,978.3,978.8,8.7,10.0,9.3,120.0,131.0,119.0,37.0,24.0,6.0,-0.2588190451025208,-0.9659258262890683,39.5,40.01739
2025-06-13 14:00:00,41.0,33.0,32.0,0.0,0.0,0.0,976.9,977.6,978.3,13.4,8.7,10.0,134.0,120.0,131.0,55.0,37.0,24.0,-0.4999999999999998,-0.8660254037844388,39.9,39.834023
2025-06-13 15:00:00,39.0,41.0,33.0,0.0,0.0,0.0,976.2,976.9,977.6,6.0,13.4,8.7,159.0,134.0,120.0,36.0,55.0,37.0,-0.7071067811865471,-0.7071067811865479,40.4,40.54006
2025-06-13 16:00:00,37.0,39.0,41.0,0.0,0.0,0.0,975.0,976.2,976.9,6.3,6.0,13.4,125.0,159.0,134.0,12.0,36.0,55.0,-0.8660254037844384,-0.5000000000000004,40.6,40.716267
2025-06-13 17:00:00,36.0,37.0,39.0,0.0,0.0,0.0,974.8,975.0,976.2,7.3,6.3,6.0,113.0,125.0,159.0,41.0,12.0,36.0,-0.9659258262890683,-0.25881904510252063,40.1,39.81832
2025-06-13 18:00:00,37.0,36.0,37.0,0.0,0.0,0.0,974.6,974.8,975.0,8.7,7.3,6.3,94.0,113.0,125.0,53.0,41.0,12.0,-1.0,-1.8369701987210297e-16,36.4,36.6192
2025-06-13 19:00:00,47.0,37.0,36.0,0.0,0.0,0.0,976.1,974.6,974.8,12.6,8.7,7.3,104.0,94.0,113.0,1.0,53.0,41.0,-0.9659258262890684,0.2588190451025203,35.3,35.248787
2025-06-13 20:00:00,51.0,47.0,37.0,0.0,0.0,0.0,976.0,976.1,974.6,12.3,12.6,8.7,104.0,104.0,94.0,3.0,1.0,53.0,-0.8660254037844386,0.5000000000000001,34.6,34.671165
2025-06-13 21:00:00,55.0,51.0,47.0,0.0,0.0,0.0,976.4,976.0,976.1,11.0,12.3,12.6,91.0,104.0,104.0,1.0,3.0,1.0,-0.7071067811865477,0.7071067811865474,34.0,34.113453
2025-06-13 22:00:00,58.0,55.0,51.0,0.0,0.0,0.0,976.8,976.4,976.0,8.9,11.0,12.3,96.0,91.0,104.0,1.0,1.0,3.0,-0.5000000000000004,0.8660254037844384,33.4,33.26396
2025-06-13 23:00:00,60.0,58.0,55.0,0.0,0.0,0.0,976.8,976.8,976.4,8.5,8.9,11.0,96.0,96.0,91.0,0.0,1.0,1.0,-0.25881904510252157,0.9659258262890681,32.8,32.949646
2025-06-14 00:00:00,62.0,60.0,58.0,0.0,0.0,0.0,976.4,976.8,976.8,8.8,8.5,8.9,107.0,96.0,96.0,0.0,0.0,1.0,0.0,1.0,32.3,32.67399
2025-06-14 01:00:00,64.0,62.0,60.0,0.0,0.0,0.0,976.2,976.4,976.8,8.9,8.8,8.5,114.0,107.0,96.0,0.0,0.0,0.0,0.25881904510252074,0.9659258262890683,32.0,32.00281
2025-06-14 02:00:00,64.0,64.0,62.0,0.0,0.0,0.0,975.9,976.2,976.4,9.4,8.9,8.8,116.0,114.0,107.0,2.0,0.0,0.0,0.49999999999999994,0.8660254037844387,31.7,31.872824
2025-06-14 03:00:00,64.0,64.0,64.0,0.0,0.0,0.0,975.9,975.9,976.2,7.5,9.4,8.9,114.0,116.0,114.0,0.0,2.0,0.0,0.7071067811865475,0.7071067811865476,31.4,31.599373
2025-06-14 04:00:00,64.0,64.0,64.0,0.0,0.0,0.0,975.8,975.9,975.9,6.5,7.5,9.4,114.0,114.0,116.0,0.0,0.0,2.0,0.8660254037844386,0.5000000000000001,31.1,30.906475
2025-06-14 05:00:00,65.0,64.0,64.0,0.0,0.0,0.0,976.2,975.8,975.9,7.0,6.5,7.5,125.0,114.0,114.0,0.0,0.0,0.0,0.9659258262890683,0.25881904510252074,30.7,31.043709
2025-06-14 06:00:00,67.0,65.0,64.0,0.0,0.0,0.0,976.5,976.2,975.8,6.6,7.0,6.5,106.0,125.0,114.0,1.0,0.0,0.0,1.0,6.123233995736766e-17,31.4,31.317451
2025-06-14 07:00:00,65.0,67.0,65.0,0.0,0.0,0.0,977.1,976.5,976.2,6.5,6.6,7.0,85.0,106.0,125.0,0.0,1.0,0.0,0.9659258262890683,-0.25881904510252063,32.6,32.862988
2025-06-14 08:00:00,61.0,65.0,67.0,0.0,0.0,0.0,977.4,977.1,976.5,6.1,6.5,6.6,87.0,85.0,106.0,0.0,0.0,1.0,0.8660254037844387,-0.49999999999999983,34.5,34.77145
2025-06-14 09:00:00,55.0,61.0,65.0,0.0,0.0,0.0,977.7,977.4,977.1,6.3,6.1,6.5,88.0,87.0,85.0,0.0,0.0,0.0,0.7071067811865476,-0.7071067811865475,36.4,36.21948
2025-06-14 10:00:00,49.0,55.0,61.0,0.0,0.0,0.0,977.7,977.7,977.4,6.2,6.3,6.1,97.0,88.0,87.0,0.0,0.0,0.0,0.49999999999999994,-0.8660254037844387,38.2,37.61637
2025-06-14 11:00:00,43.0,49.0,55.0,0.0,0.0,0.0,977.1,977.7,977.7,5.5,6.2,6.3,107.0,97.0,88.0,0.0,0.0,0.0,0.258819045102521,-0.9659258262890682,39.7,39.7225
2025-06-14 12:00:00,37.0,43.0,49.0,0.0,0.0,0.0,976.5,977.1,977.7,4.5,5.5,6.2,124.0,107.0,97.0,2.0,0.0,0.0,1.2246467991473532e-16,-1.0,40.9,41.18552
2025-06-14 13:00:00,33.0,37.0,43.0,0.0,0.0,0.0,975.5,976.5,977.1,3.1,4.5,5.5,149.0,124.0,107.0,37.0,2.0,0.0,-0.2588190451025208,-0.9659258262890683,41.7,41.612667
2025-06-14 14:00:00,30.0,33.0,37.0,0.0,0.0,0.0,974.6,975.5,976.5,3.3,3.1,4.5,202.0,149.0,124.0,34.0,37.0,2.0,-0.4999999999999998,-0.8660254037844388,42.4,42.120876
2025-06-14 15:00:00,28.0,30.0,33.0,0.0,0.0,0.0,973.6,974.6,975.5,4.2,3.3,3.1,223.0,202.0,149.0,24.0,34.0,37.0,-0.7071067811865471,-0.7071067811865479,43.0,42.100353
2025-06-14 16:00:00,25.0,28.0,30.0,0.0,0.0,0.0,972.4,973.6,974.6,4.2,4.2,3.3,260.0,223.0,202.0,21.0,24.0,34.0,-0.8660254037844384,-0.5000000000000004,42.4,42.096992
2025-06-14 17:00:00,25.0,25.0,28.0,0.0,0.0,0.0,971.9,972.4,973.6,7.6,4.2,4.2,355.0,260.0,223.0,38.0,21.0,24.0,-0.9659258262890683,-0.25881904510252063,38.5,38.725483
2025-06-14 18:00:00,43.0,25.0,25.0,0.3,0.0,0.0,972.0,971.9,972.4,13.5,7.6,4.2,59.0,355.0,260.0,16.0,38.0,21.0,-1.0,-1.8369701987210297e-16,39.3,39.143272
2025-06-14 19:00:00,32.0,43.0,25.0,0.0,0.3,0.0,971.7,972.0,971.9,9.4,13.5,7.6,93.0,59.0,355.0,11.0,16.0,38.0,-0.9659258262890684,0.2588190451025203,37.9,37.791
2025-06-14 20:00:00,35.0,32.0,43.0,0.0,0.0,0.3,972.2,971.7,972.0,9.4,9.4,13.5,98.0,93.0,59.0,7.0,11.0,16.0,-0.8660254037844386,0.5000000000000001,37.2,37.115368
2025-06-14 21:00:00,36.0,35.0,32.0,0.0,0.0,0.0,973.1,972.2,971.7,6.8,9.4,9.4,115.0,98.0,93.0,6.0,7.0,11.0,-0.7071067811865477,0.7071067811865474,36.4,36.405594
2025-06-14 22:00:00,39.0,36.0,35.0,0.0,0.0,0.0,973.7,973.1,972.2,9.2,6.8,9.4,125.0,115.0,98.0,4.0,6.0,7.0,-0.5000000000000004,0.8660254037844384,35.4,35.935593
2025-06-14 23:00:00,44.0,39.0,36.0,0.0,0.0,0.0,974.3,973.7,973.1,9.0,9.2,6.8,142.0,125.0,115.0,2.0,4.0,6.0,-0.25881904510252157,0.9659258262890681,34.9,34.440723
2025-06-15 00:00:00,46.0,44.0,39.0,0.0,0.0,0.0,974.3,974.3,973.7,9.7,9.0,9.2,152.0,142.0,125.0,2.0,2.0,4.0,0.0,1.0,34.3,34.169716
2025-06-15 01:00:00,46.0,46.0,44.0,0.0,0.0,0.0,974.0,974.3,974.3,8.9,9.7,9.0,159.0,152.0,142.0,1.0,2.0,2.0,0.25881904510252074,0.9659258262890683,33.7,33.580887
2025-06-15 02:00:00,47.0,46.0,46.0,0.0,0.0,0.0,973.8,974.0,974.3,7.7,8.9,9.7,144.0,159.0,152.0,1.0,1.0,2.0,0.49999999999999994,0.8660254037844387,33.0,32.970764
2025-06-15 03:00:00,50.0,47.0,46.0,0.0,0.0,0.0,973.7,973.8,974.0,7.3,7.7,8.9,134.0,144.0,159.0,3.0,1.0,1.0,0.7071067811865475,0.7071067811865476,32.3,32.291676
2025-06-15 04:00:00,53.0,50.0,47.0,0.0,0.0,0.0,974.0,973.7,973.8,6.4,7.3,7.7,148.0,134.0,144.0,14.0,3.0,1.0,0.8660254037844386,0.5000000000000001,31.9,31.81181
2025-06-15 05:00:00,54.0,53.0,50.0,0.0,0.0,0.0,974.0,974.0,973.7,5.1,6.4,7.3,132.0,148.0,134.0,7.0,14.0,3.0,0.9659258262890683,0.25881904510252074,31.6,31.545725
2025-06-15 06:00:00,55.0,54.0,53.0,0.0,0.0,0.0,974.3,974.0,974.0,6.1,5.1,6.4,109.0,132.0,148.0,10.0,7.0,14.0,1.0,6.123233995736766e-17,29.7,30.526587
2025-06-15 07:00:00,70.0,55.0,54.0,0.2,0.0,0.0,974.4,974.3,974.0,13.6,6.1,5.1,126.0,109.0,132.0,90.0,10.0,7.0,0.9659258262890683,-0.25881904510252063,30.9,30.71187
2025-06-15 08:00:00,62.0,70.0,55.0,0.0,0.2,0.0,975.1,974.4,974.3,18.5,13.6,6.1,165.0,126.0,109.0,94.0,90.0,10.0,0.8660254037844387,-0.49999999999999983,31.3,31.164476
2025-06-15 09:00:00,56.0,62.0,70.0,0.7,0.0,0.2,975.1,975.1,974.4,6.5,18.5,13.6,156.0,165.0,126.0,13.0,94.0,90.0,0.7071067811865476,-0.7071067811865475,33.8,33.605778
2025-06-15 10:00:00,48.0,56.0,62.0,0.4,0.7,0.0,975.3,975.1,975.1,7.5,6.5,18.5,165.0,156.0,165.0,54.0,13.0,94.0,0.49999999999999994,-0.8660254037844387,35.8,35.70074
2025-06-15 11:00:00,41.0,48.0,56.0,0.0,0.4,0.7,975.7,975.3,975.1,11.9,7.5,6.5,63.0,165.0,156.0,91.0,54.0,13.0,0.258819045102521,-0.9659258262890682,33.4,33.853195
2025-06-15 12:00:00,58.0,41.0,48.0,0.0,0.0,0.4,975.2,975.7,975.3,14.8,11.9,7.5,67.0,63.0,165.0,15.0,91.0,54.0,1.2246467991473532e-16,-1.0,35.4,35.32271
2025-06-15 13:00:00,50.0,58.0,41.0,0.0,0.0,0.0,974.3,975.2,975.7,11.2,14.8,11.9,84.0,67.0,63.0,98.0,15.0,91.0,-0.2588190451025208,-0.9659258262890683,37.6,37.28777
2025-06-15 14:00:00,43.0,50.0,58.0,0.0,0.0,0.0,973.5,974.3,975.2,10.4,11.2,14.8,100.0,84.0,67.0,87.0,98.0,15.0,-0.4999999999999998,-0.8660254037844388,38.0,37.852196
2025-06-15 15:00:00,41.0,43.0,50.0,0.0,0.0,0.0,972.9,973.5,974.3,9.7,10.4,11.2,118.0,100.0,84.0,23.0,87.0,98.0,-0.7071067811865471,-0.7071067811865479,37.9,37.910053
2025-06-15 16:00:00,41.0,41.0,43.0,0.0,0.0,0.0,972.3,972.9,973.5,7.9,9.7,10.4,120.0,118.0,100.0,38.0,23.0,87.0,-0.8660254037844384,-0.5000000000000004,37.6,37.916134
2025-06-15 17:00:00,42.0,41.0,41.0,0.0,0.0,0.0,971.6,972.3,972.9,7.0,7.9,9.7,119.0,120.0,118.0,64.0,38.0,23.0,-0.9659258262890683,-0.25881904510252063,37.5,37.461975
2025-06-15 18:00:00,43.0,42.0,41.0,0.0,0.0,0.0,971.3,971.6,972.3,5.9,7.0,7.9,130.0,119.0,120.0,81.0,64.0,38.0,-1.0,-1.8369701987210297e-16,34.0,34.271626
2025-06-15 19:00:00,58.0,43.0,42.0,0.0,0.0,0.0,971.9,971.3,971.6,7.3,5.9,7.0,160.0,130.0,119.0,34.0,81.0,64.0,-0.9659258262890684,0.2588190451025203,33.3,33.283943
2025-06-15 20:00:00,60.0,58.0,43.0,0.0,0.0,0.0,972.9,971.9,971.3,5.9,7.3,5.9,168.0,160.0,130.0,26.0,34.0,81.0,-0.8660254037844386,0.5000000000000001,33.0,32.8361
2025-06-15 21:00:00,62.0,60.0,58.0,0.0,0.0,0.0,973.6,972.9,971.9,3.2,5.9,7.3,161.0,168.0,160.0,28.0,26.0,34.0,-0.7071067811865477,0.7071067811865474,32.9,32.528
2025-06-15 22:00:00,64.0,62.0,60.0,0.0,0.0,0.0,974.7,973.6,972.9,2.4,3.2,5.9,107.0,161.0,168.0,100.0,28.0,26.0,-0.5000000000000004,0.8660254037844384,32.7,32.256077
2025-06-15 23:00:00,66.0,64.0,62.0,0.0,0.0,0.0,975.2,974.7,973.6,4.3,2.4,3.2,112.0,107.0,161.0,53.0,100.0,28.0,-0.25881904510252157,0.9659258262890681,32.3,31.78065
2025-06-16 00:00:00,68.0,66.0,64.0,0.0,0.0,0.0,975.1,975.2,974.7,5.8,4.3,2.4,110.0,112.0,107.0,30.0,53.0,100.0,0.0,1.0,31.7,30.988708
2025-06-16 01:00:00,70.0,68.0,66.0,0.0,0.0,0.0,974.9,975.1,975.2,5.4,5.8,4.3,92.0,110.0,112.0,53.0,30.0,53.0,0.25881904510252074,0.9659258262890683,31.0,30.335386
2025-06-16 02:00:00,73.0,70.0,68.0,0.0,0.0,0.0,974.3,974.9,975.1,6.9,5.4,5.8,73.0,92.0,110.0,1.0,53.0,30.0,0.49999999999999994,0.8660254037844387,30.2,30.247944
2025-06-16 03:00:00,78.0,73.0,70.0,0.0,0.0,0.0,973.5,974.3,974.9,6.4,6.9,5.4,50.0,73.0,92.0,9.0,1.0,53.0,0.7071067811865475,0.7071067811865476,29.8,29.688723
2025-06-16 04:00:00,81.0,78.0,73.0,0.0,0.0,0.0,974.0,973.5,974.3,6.2,6.4,6.9,78.0,50.0,73.0,9.0,9.0,1.0,0.8660254037844386,0.5000000000000001,29.2,28.99076
2025-06-16 05:00:00,83.0,81.0,78.0,0.0,0.0,0.0,974.7,974.0,973.5,13.8,6.2,6.4,103.0,78.0,50.0,28.0,9.0,9.0,0.9659258262890683,0.25881904510252074,25.5,25.75214
2025-06-16 06:00:00,92.0,83.0,81.0,3.5,0.0,0.0,975.4,974.7,974.0,13.3,13.8,6.2,128.0,103.0,78.0,90.0,28.0,9.0,1.0,6.123233995736766e-17,24.9,25.207336
2025-06-16 07:00:00,98.0,92.0,83.0,11.2,3.5,0.0,976.9,975.4,974.7,7.1,13.3,13.8,146.0,128.0,103.0,100.0,90.0,28.0,0.9659258262890683,-0.25881904510252063,25.7,25.811968
2025-06-16 08:00:00,96.0,98.0,92.0,2.2,11.2,3.5,975.8,976.9,975.4,4.4,7.1,13.3,111.0,146.0,128.0,97.0,100.0,90.0,0.8660254037844387,-0.49999999999999983,27.0,27.02076
2025-06-16 09:00:00,90.0,96.0,98.0,0.6,2.2,11.2,976.1,975.8,976.9,2.5,4.4,7.1,82.0,111.0,146.0,100.0,97.0,100.0,0.7071067811865476,-0.7071067811865475,27.5,27.610796
2025-06-16 10:00:00,90.0,90.0,96.0,0.4,0.6,2.2,976.3,976.1,975.8,3.7,2.5,4.4,119.0,82.0,111.0,100.0,100.0,97.0,0.49999999999999994,-0.8660254037844387,27.6,27.751558
2025-06-16 11:00:00,89.0,90.0,90.0,0.1,0.4,0.6,976.0,976.3,976.1,5.3,3.7,2.5,57.0,119.0,82.0,100.0,100.0,100.0,0.258819045102521,-0.9659258262890682,29.8,29.804058
2025-06-16 12:00:00,79.0,89.0,90.0,0.0,0.1,0.4,976.0,976.0,976.3,7.0,5.3,3.7,91.0,57.0,119.0,95.0,100.0,100.0,1.2246467991473532e-16,-1.0,30.8,30.843046
2025-06-16 13:00:00,76.0,79.0,89.0,0.0,0.0,0.1,975.4,976.0,976.0,5.4,7.0,5.3,64.0,91.0,57.0,100.0,95.0,100.0,-0.2588190451025208,-0.9659258262890683,31.6,31.497885
2025-06-16 14:00:00,73.0,76.0,79.0,0.0,0.0,0.0,974.5,975.4,976.0,7.4,5.4,7.0,72.0,64.0,91.0,97.0,100.0,95.0,-0.4999999999999998,-0.8660254037844388,31.9,32.036076
2025-06-16 15:00:00,71.0,73.0,76.0,0.0,0.0,0.0,974.0,974.5,975.4,7.0,7.4,5.4,77.0,72.0,64.0,100.0,97.0,100.0,-0.7071067811865471,-0.7071067811865479,32.1,32.113266
2025-06-16 16:00:00,69.0,71.0,73.0,0.0,0.0,0.0,973.4,974.0,974.5,4.6,7.0,7.4,69.0,77.0,72.0,100.0,100.0,97.0,-0.8660254037844384,-0.5000000000000004,32.1,32.083313
2025-06-16 17:00:00,69.0,69.0,71.0,0.0,0.0,0.0,972.3,973.4,974.0,6.0,4.6,7.0,53.0,69.0,77.0,100.0,100.0,100.0,-0.9659258262890683,-0.25881904510252063,31.9,31.794918
2025-06-16 18:00:00,70.0,69.0,69.0,0.0,0.0,0.0,972.0,972.3,973.4,5.4,6.0,4.6,42.0,53.0,69.0,100.0,100.0,100.0,-1.0,-1.8369701987210297e-16,31.9,31.74661
2025-06-16 19:00:00,74.0,70.0,69.0,0.0,0.0,0.0,973.1,972.0,972.3,1.7,5.4,6.0,49.0,42.0,53.0,100.0,100.0,100.0,-0.9659258262890684,0.2588190451025203,30.8,30.823133
2025-06-16 20:00:00,77.0,74.0,70.0,0.0,0.0,0.0,973.7,973.1,972.0,4.0,1.7,5.4,18.0,49.0,42.0,100.0,100.0,100.0,-0.8660254037844386,0.5000000000000001,30.1,30.089386
2025-06-16 21:00:00,79.0,77.0,74.0,0.0,0.0,0.0,974.3,973.7,973.1,6.4,4.0,1.7,47.0,18.0,49.0,100.0,100.0,100.0,-0.7071067811865477,0.7071067811865474,29.8,29.78272
2025-06-16 22:00:00,79.0,79.0,77.0,0.0,0.0,0.0,975.0,974.3,973.7,5.8,6.4,4.0,51.0,47.0,18.0,72.0,100.0,100.0,-0.5000000000000004,0.8660254037844384,28.2,28.63584
2025-06-16 23:00:00,84.0,79.0,79.0,6.9,0.0,0.0,976.1,975.0,974.3,4.3,5.8,6.4,180.0,51.0,47.0,94.0,72.0,100.0,-0.25881904510252157,0.9659258262890681,27.3,27.247538
2025-06-17 00:00:00,95.0,84.0,79.0,0.7,6.9,0.0,975.9,976.1,975.0,5.7,4.3,5.8,11.0,180.0,51.0,65.0,94.0,72.0,0.0,1.0,26.8,26.911736
2025-06-17 01:00:00,96.0,95.0,84.0,0.4,0.7,6.9,976.1,975.9,976.1,7.3,5.7,4.3,228.0,11.0,180.0,100.0,65.0,94.0,0.25881904510252074,0.9659258262890683,26.4,26.331997
2025-06-17 02:00:00,99.0,96.0,95.0,0.5,0.4,0.7,975.1,976.1,975.9,9.2,7.3,5.7,118.0,228.0,11.0,100.0,100.0,65.0,0.49999999999999994,0.8660254037844387,26.3,26.272959
2025-06-17 03:00:00,97.0,99.0,96.0,1.5,0.5,0.4,974.7,975.1,976.1,7.0,9.2,7.3,80.0,118.0,228.0,100.0,100.0,100.0,0.7071067811865475,0.7071067811865476,26.3,26.1547
2025-06-17 04:00:00,93.0,97.0,99.0,0.8,1.5,0.5,974.7,974.7,975.1,7.2,7.0,9.2,94.0,80.0,118.0,100.0,100.0,100.0,0.8660254037844386,0.5000000000000001,25.7,25.65249
2025-06-17 05:00:00,96.0,93.0,97.0,7.3,0.8,1.5,974.9,974.7,974.7,4.8,7.2,7.0,22.0,94.0,80.0,100.0,100.0,100.0,0.9659258262890683,0.25881904510252074,25.3,25.266735
2025-06-17 06:00:00,95.0,96.0,93.0,3.2,7.3,0.8,976.1,974.9,974.7,11.1,4.8,7.2,97.0,22.0,94.0,100.0,100.0,100.0,1.0,6.123233995736766e-17,26.2,26.045677
2025-06-17 07:00:00,95.0,95.0,96.0,0.3,3.2,7.3,975.8,976.1,974.9,3.5,11.1,4.8,51.0,97.0,22.0,99.0,100.0,100.0,0.9659258262890683,-0.25881904510252063,27.1,27.004704
2025-06-17 08:00:00,90.0,95.0,95.0,0.3,0.3,3.2,976.0,975.8,976.1,3.8,3.5,11.1,31.0,51.0,97.0,100.0,99.0,100.0,0.8660254037844387,-0.49999999999999983,27.5,27.439486
2025-06-17 09:00:00,89.0,90.0,95.0,0.2,0.3,0.3,976.5,976.0,975.8,4.2,3.8,3.5,25.0,31.0,51.0,76.0,100.0,99.0,0.7071067811865476,-0.7071067811865475,29.3,29.05626
2025-06-17 10:00:00,83.0,89.0,90.0,0.0,0.2,0.3,976.4,976.5,976.0,5.7,4.2,3.8,28.0,25.0,31.0,31.0,76.0,100.0,0.49999999999999994,-0.8660254037844387,30.9,30.660006
2025-06-17 11:00:00,76.0,83.0,89.0,0.0,0.0,0.2,976.5,976.4,976.5,5.6,5.7,4.2,50.0,28.0,25.0,15.0,31.0,76.0,0.258819045102521,-0.9659258262890682,32.0,32.03397
2025-06-17 12:00:00,72.0,76.0,83.0,0.0,0.0,0.0,976.3,976.5,976.4,6.4,5.6,5.7,65.0,50.0,28.0,3.0,15.0,31.0,1.2246467991473532e-16,-1.0,32.7,32.634876
2025-06-17 13:00:00,69.0,72.0,76.0,0.0,0.0,0.0,975.7,976.3,976.5,5.6,6.4,5.6,61.0,65.0,50.0,20.0,3.0,15.0,-0.2588190451025208,-0.9659258262890683,33.3,33.29317
2025-06-17 14:00:00,67.0,69.0,72.0,0.0,0.0,0.0,975.0,975.7,976.3,4.9,5.6,6.4,62.0,61.0,65.0,24.0,20.0,3.0,-0.4999999999999998,-0.8660254037844388,33.5,33.476196
2025-06-17 15:00:00,65.0,67.0,69.0,0.0,0.0,0.0,974.1,975.0,975.7,5.0,4.9,5.6,55.0,62.0,61.0,19.0,24.0,20.0,-0.7071067811865471,-0.7071067811865479,33.8,33.780685
2025-06-17 16:00:00,64.0,65.0,67.0,0.0,0.0,0.0,973.0,974.1,975.0,5.6,5.0,4.9,42.0,55.0,62.0,19.0,19.0,24.0,-0.8660254037844384,-0.5000000000000004,33.6,33.40431
2025-06-17 17:00:00,64.0,64.0,65.0,0.0,0.0,0.0,972.6,973.0,974.1,6.9,5.6,5.0,47.0,42.0,55.0,30.0,19.0,19.0,-0.9659258262890683,-0.25881904510252063,33.0,32.844116
2025-06-17 18:00:00,67.0,64.0,64.0,0.0,0.0,0.0,972.7,972.6,973.0,6.0,6.9,5.6,53.0,47.0,42.0,49.0,30.0,19.0,-1.0,-1.8369701987210297e-16,31.0,31.379074
2025-06-17 19:00:00,73.0,67.0,64.0,0.0,0.0,0.0,974.1,972.7,972.6,3.4,6.0,6.9,174.0,53.0,47.0,100.0,49.0,30.0,-0.9659258262890684,0.2588190451025203,30.1,30.081253
2025-06-17 20:00:00,78.0,73.0,67.0,0.0,0.0,0.0,974.5,974.1,972.7,5.5,3.4,6.0,207.0,174.0,53.0,100.0,100.0,49.0,-0.8660254037844386,0.5000000000000001,28.9,28.985392
2025-06-17 21:00:00,80.0,78.0,73.0,0.3,0.0,0.0,975.6,974.5,974.1,8.6,5.5,3.4,202.0,207.0,174.0,100.0,100.0,100.0,-0.7071067811865477,0.7071067811865474,27.9,27.845335
2025-06-17 22:00:00,84.0,80.0,78.0,0.5,0.3,0.0,976.6,975.6,974.5,8.1,8.6,5.5,211.0,202.0,207.0,100.0,100.0,100.0,-0.5000000000000004,0.8660254037844384,27.3,27.278751
2025-06-17 23:00:00,83.0,84.0,80.0,0.5,0.5,0.3,976.7,976.6,975.6,6.4,8.1,8.6,216.0,211.0,202.0,100.0,100.0,100.0,-0.25881904510252157,0.9659258262890681,26.3,26.388739
2025-06-18 00:00:00,89.0,83.0,84.0,1.1,0.5,0.5,976.5,976.7,976.6,3.4,6.4,8.1,205.0,216.0,211.0,100.0,100.0,100.0,0.0,1.0,25.7,25.666748
2025-06-18 01:00:00,90.0,89.0,83.0,1.0,1.1,0.5,975.9,976.5,976.7,4.6,3.4,6.4,225.0,205.0,216.0,100.0,100.0,100.0,0.25881904510252074,0.9659258262890683,25.3,25.466536
2025-06-18 02:00:00,94.0,90.0,89.0,1.1,1.0,1.1,975.5,975.9,976.5,3.4,4.6,3.4,133.0,225.0,205.0,100.0,100.0,100.0,0.49999999999999994,0.8660254037844387,25.0,25.05801
2025-06-18 03:00:00,94.0,94.0,90.0,1.2,1.1,1.0,975.4,975.5,975.9,5.6,3.4,4.6,94.0,133.0,225.0,100.0,100.0,100.0,0.7071067811865475,0.7071067811865476,24.6,24.725742
2025-06-18 04:00:00,93.0,94.0,94.0,0.6,1.2,1.1,975.0,975.4,975.5,5.9,5.6,3.4,78.0,94.0,133.0,100.0,100.0,100.0,0.8660254037844386,0.5000000000000001,24.1,24.245731
2025-06-18 05:00:00,94.0,93.0,94.0,0.8,0.6,1.2,975.3,975.0,975.4,7.8,5.9,5.6,40.0,78.0,94.0,100.0,100.0,100.0,0.9659258262890683,0.25881904510252074,24.1,24.329744
2025-06-18 06:00:00,94.0,94.0,93.0,0.6,0.8,0.6,975.3,975.3,975.0,6.1,7.8,5.9,71.0,40.0,78.0,100.0,100.0,100.0,1.0,6.123233995736766e-17,25.9,25.860676
2025-06-18 07:00:00,90.0,94.0,94.0,0.0,0.6,0.8,974.8,975.3,975.3,4.0,6.1,7.8,90.0,71.0,40.0,87.0,100.0,100.0,0.9659258262890683,-0.25881904510252063,26.4,26.44374
2025-06-18 08:00:00,90.0,90.0,94.0,0.0,0.0,0.6,975.2,974.8,975.3,7.4,4.0,6.1,131.0,90.0,71.0,77.0,87.0,100.0,0.8660254037844387,-0.49999999999999983,27.5,27.536066
2025-06-18 09:00:00,85.0,90.0,90.0,0.0,0.0,0.0,975.4,975.2,974.8,5.6,7.4,4.0,155.0,131.0,90.0,40.0,77.0,87.0,0.7071067811865476,-0.7071067811865475,28.9,28.921553
2025-06-18 10:00:00,80.0,85.0,90.0,0.0,0.0,0.0,975.7,975.4,975.2,4.3,5.6,7.4,163.0,155.0,131.0,5.0,40.0,77.0,0.49999999999999994,-0.8660254037844387,30.4,30.527483
2025-06-18 11:00:00,74.0,80.0,85.0,0.0,0.0,0.0,975.1,975.7,975.4,2.2,4.3,5.6,145.0,163.0,155.0,6.0,5.0,40.0,0.258819045102521,-0.9659258262890682,31.4,31.656033
2025-06-18 12:00:00,71.0,74.0,80.0,0.0,0.0,0.0,974.8,975.1,975.7,3.3,2.2,4.3,139.0,145.0,163.0,13.0,6.0,5.0,1.2246467991473532e-16,-1.0,32.1,32.17925
2025-06-18 13:00:00,67.0,71.0,74.0,0.0,0.0,0.0,974.0,974.8,975.1,2.9,3.3,2.2,137.0,139.0,145.0,13.0,13.0,6.0,-0.2588190451025208,-0.9659258262890683,32.9,32.848
2025-06-18 14:00:00,64.0,67.0,71.0,0.0,0.0,0.0,973.2,974.0,974.8,2.4,2.9,3.3,117.0,137.0,139.0,24.0,13.0,13.0,-0.4999999999999998,-0.8660254037844388,33.2,33.32604
2025-06-18 15:00:00,62.0,64.0,67.0,0.0,0.0,0.0,972.5,973.2,974.0,2.6,2.4,2.9,115.0,117.0,137.0,17.0,24.0,13.0,-0.7071067811865471,-0.7071067811865479,33.3,33.376118
2025-06-18 16:00:00,59.0,62.0,64.0,0.0,0.0,0.0,971.7,972.5,973.2,3.3,2.6,2.4,119.0,115.0,117.0,27.0,17.0,24.0,-0.8660254037844384,-0.5000000000000004,33.3,33.18398
2025-06-18 17:00:00,57.0,59.0,62.0,0.0,0.0,0.0,971.1,971.7,972.5,3.1,3.3,2.6,121.0,119.0,115.0,9.0,27.0,17.0,-0.9659258262890683,-0.25881904510252063,33.2,33.136425
2025-06-18 18:00:00,56.0,57.0,59.0,0.0,0.0,0.0,971.0,971.1,971.7,2.8,3.1,3.3,145.0,121.0,119.0,6.0,9.0,27.0,-1.0,-1.8369701987210297e-16,31.5,31.634274
2025-06-18 19:00:00,71.0,56.0,57.0,0.0,0.0,0.0,972.1,971.0,971.1,4.5,2.8,3.1,133.0,145.0,121.0,86.0,6.0,9.0,-0.9659258262890684,0.2588190451025203,30.3,30.335135
2025-06-18 20:00:00,76.0,71.0,56.0,0.0,0.0,0.0,972.5,972.1,971.0,6.3,4.5,2.8,153.0,133.0,145.0,100.0,86.0,6.0,-0.8660254037844386,0.5000000000000001,29.6,29.56893
2025-06-18 21:00:00,78.0,76.0,71.0,0.0,0.0,0.0,973.0,972.5,972.1,6.1,6.3,4.5,166.0,153.0,133.0,98.0,100.0,86.0,-0.7071067811865477,0.7071067811865474,29.2,29.129362
2025-06-18 22:00:00,80.0,78.0,76.0,0.0,0.0,0.0,973.4,973.0,972.5,5.6,6.1,6.3,159.0,166.0,153.0,100.0,98.0,100.0,-0.5000000000000004,0.8660254037844384,29.0,28.830368
2025-06-18 23:00:00,82.0,80.0,78.0,0.0,0.0,0.0,973.7,973.4,973.0,4.7,5.6,6.1,137.0,159.0,166.0,100.0,100.0,98.0,-0.25881904510252157,0.9659258262890681,28.7,28.80854
2025-06-19 00:00:00,83.0,82.0,80.0,0.0,0.0,0.0,973.2,973.7,973.4,4.8,4.7,5.6,132.0,137.0,159.0,98.0,100.0,100.0,0.0,1.0,28.4,28.229038
2025-06-19 01:00:00,85.0,83.0,82.0,0.0,0.0,0.0,972.7,973.2,973.7,4.2,4.8,4.7,126.0,132.0,137.0,44.0,98.0,100.0,0.25881904510252074,0.9659258262890683,28.1,27.805077
2025-06-19 02:00:00,86.0,85.0,83.0,0.0,0.0,0.0,972.3,972.7,973.2,5.5,4.2,4.8,134.0,126.0,132.0,14.0,44.0,98.0,0.49999999999999994,0.8660254037844387,27.8,27.93066
2025-06-19 03:00:00,88.0,86.0,85.0,0.0,0.0,0.0,972.0,972.3,972.7,4.3,5.5,4.2,112.0,134.0,126.0,31.0,14.0,44.0,0.7071067811865475,0.7071067811865476,27.6,27.577837
2025-06-19 04:00:00,88.0,88.0,86.0,0.0,0.0,0.0,971.7,972.0,972.3,5.1,4.3,5.5,100.0,112.0,134.0,97.0,31.0,14.0,0.8660254037844386,0.5000000000000001,27.5,27.366915
2025-06-19 05:00:00,88.0,88.0,88.0,0.0,0.0,0.0,971.9,971.7,972.0,6.2,5.1,4.3,123.0,100.0,112.0,22.0,97.0,31.0,0.9659258262890683,0.25881904510252074,27.3,27.276346
2025-06-19 06:00:00,86.0,88.0,88.0,0.0,0.0,0.0,972.3,971.9,971.7,7.8,6.2,5.1,143.0,123.0,100.0,96.0,22.0,97.0,1.0,6.123233995736766e-17,27.1,27.135063
2025-06-19 07:00:00,88.0,86.0,88.0,0.0,0.0,0.0,972.5,972.3,971.9,5.2,7.8,6.2,149.0,143.0,123.0,18.0,96.0,22.0,0.9659258262890683,-0.25881904510252063,28.1,28.000057
2025-06-19 08:00:00,84.0,88.0,86.0,0.0,0.0,0.0,973.1,972.5,972.3,2.4,5.2,7.8,126.0,149.0,143.0,9.0,18.0,96.0,0.8660254037844387,-0.49999999999999983,29.4,29.179188
2025-06-19 09:00:00,78.0,84.0,88.0,0.0,0.0,0.0,973.4,973.1,972.5,3.4,2.4,5.2,115.0,126.0,149.0,12.0,9.0,18.0,0.7071067811865476,-0.7071067811865475,30.6,30.529417
2025-06-19 10:00:00,74.0,78.0,84.0,0.0,0.0,0.0,973.9,973.4,973.1,5.1,3.4,2.4,108.0,115.0,126.0,68.0,12.0,9.0,0.49999999999999994,-0.8660254037844387,31.2,31.211382
2025-06-19 11:00:00,73.0,74.0,78.0,0.0,0.0,0.0,973.7,973.9,973.4,7.2,5.1,3.4,103.0,108.0,115.0,57.0,68.0,12.0,0.258819045102521,-0.9659258262890682,31.6,31.639133
2025-06-19 12:00:00,70.0,73.0,74.0,0.0,0.0,0.0,973.3,973.7,973.9,7.2,7.2,5.1,109.0,103.0,108.0,25.0,57.0,68.0,1.2246467991473532e-16,-1.0,32.1,32.22331
2025-06-19 13:00:00,68.0,70.0,73.0,0.1,0.0,0.0,973.1,973.3,973.7,8.8,7.2,7.2,109.0,109.0,103.0,31.0,25.0,57.0,-0.2588190451025208,-0.9659258262890683,32.4,32.483337
2025-06-19 14:00:00,64.0,68.0,70.0,0.0,0.1,0.0,972.7,973.1,973.3,9.9,8.8,7.2,112.0,109.0,109.0,15.0,31.0,25.0,-0.4999999999999998,-0.8660254037844388,32.8,32.9943
2025-06-19 15:00:00,61.0,64.0,68.0,0.0,0.0,0.1,972.0,972.7,973.1,9.7,9.9,8.8,121.0,112.0,109.0,58.0,15.0,31.0,-0.7071067811865471,-0.7071067811865479,32.8,32.783234
2025-06-19 16:00:00,61.0,61.0,64.0,0.0,0.0,0.0,971.5,972.0,972.7,9.1,9.7,9.9,120.0,121.0,112.0,33.0,58.0,15.0,-0.8660254037844384,-0.5000000000000004,32.6,32.550323
2025-06-19 17:00:00,62.0,61.0,61.0,0.0,0.0,0.0,970.8,971.5,972.0,8.5,9.1,9.7,118.0,120.0,121.0,21.0,33.0,58.0,-0.9659258262890683,-0.25881904510252063,32.0,32.0074
2025-06-19 18:00:00,65.0,62.0,61.0,0.0,0.0,0.0,971.0,970.8,971.5,9.5,8.5,9.1,123.0,118.0,120.0,28.0,21.0,33.0,-1.0,-1.8369701987210297e-16,31.4,31.459873
2025-06-19 19:00:00,69.0,65.0,62.0,0.0,0.0,0.0,971.6,971.0,970.8,5.2,9.5,8.5,117.0,123.0,118.0,7.0,28.0,21.0,-0.9659258262890684,0.2588190451025203,30.1,30.198717
2025-06-19 20:00:00,76.0,69.0,65.0,0.0,0.0,0.0,972.2,971.6,971.0,5.1,5.2,9.5,132.0,117.0,123.0,23.0,7.0,28.0,-0.8660254037844386,0.5000000000000001,29.7,29.75475
2025-06-19 21:00:00,80.0,76.0,69.0,0.0,0.0,0.0,972.3,972.2,971.6,3.5,5.1,5.2,129.0,132.0,117.0,7.0,23.0,7.0,-0.7071067811865477,0.7071067811865474,29.1,29.489815
2025-06-19 22:00:00,82.0,80.0,76.0,0.0,0.0,0.0,973.2,972.3,972.2,4.8,3.5,5.1,110.0,129.0,132.0,99.0,7.0,23.0,-0.5000000000000004,0.8660254037844384,28.7,28.835598
2025-06-19 23:00:00,85.0,82.0,80.0,0.0,0.0,0.0,974.0,973.2,972.3,5.4,4.8,3.5,127.0,110.0,129.0,100.0,99.0,7.0,-0.25881904510252157,0.9659258262890681,28.2,28.40031
2025-06-20 00:00:00,87.0,85.0,82.0,0.0,0.0,0.0,974.0,974.0,973.2,4.4,5.4,4.8,128.0,127.0,110.0,99.0,100.0,99.0,0.0,1.0,27.8,27.863657
2025-06-20 01:00:00,88.0,87.0,85.0,0.0,0.0,0.0,974.0,974.0,974.0,5.1,4.4,5.4,117.0,128.0,127.0,100.0,99.0,100.0,0.25881904510252074,0.9659258262890683,27.5,27.57057
2025-06-20 02:00:00,89.0,88.0,87.0,0.0,0.0,0.0,974.3,974.0,974.0,6.0,5.1,4.4,115.0,117.0,128.0,92.0,100.0,99.0,0.49999999999999994,0.8660254037844387,27.3,27.182915
2025-06-20 03:00:00,90.0,89.0,88.0,0.0,0.0,0.0,973.4,974.3,974.0,5.1,6.0,5.1,113.0,115.0,117.0,95.0,92.0,100.0,0.7071067811865475,0.7071067811865476,26.5,26.578533
2025-06-20 04:00:00,92.0,90.0,89.0,0.0,0.0,0.0,974.4,973.4,974.3,13.8,5.1,6.0,137.0,113.0,115.0,100.0,95.0,92.0,0.8660254037844386,0.5000000000000001,25.6,25.583141
2025-06-20 05:00:00,93.0,92.0,90.0,0.1,0.0,0.0,974.2,974.4,973.4,8.5,13.8,5.1,138.0,137.0,113.0,100.0,100.0,95.0,0.9659258262890683,0.25881904510252074,25.6,26.007832
2025-06-20 06:00:00,94.0,93.0,92.0,0.0,0.1,0.0,974.4,974.2,974.4,7.3,8.5,13.8,101.0,138.0,137.0,100.0,100.0,100.0,1.0,6.123233995736766e-17,27.3,26.421366
2025-06-20 07:00:00,93.0,94.0,93.0,0.0,0.0,0.1,974.6,974.4,974.2,5.5,7.3,8.5,99.0,101.0,138.0,100.0,100.0,100.0,0.9659258262890683,-0.25881904510252063,28.1,26.677505
2025-06-20 08:00:00,89.0,93.0,94.0,0.0,0.0,0.0,975.3,974.6,974.4,5.2,5.5,7.3,96.0,99.0,101.0,100.0,100.0,100.0,0.8660254037844387,-0.49999999999999983,29.1,27.852478
2025-06-20 09:00:00,83.0,89.0,93.0,0.0,0.0,0.0,975.8,975.3,974.6,8.0,5.2,5.5,106.0,96.0,99.0,100.0,100.0,100.0,0.7071067811865476,-0.7071067811865475,29.9,28.818897
2025-06-20 10:00:00,79.0,83.0,89.0,0.0,0.0,0.0,976.1,975.8,975.3,9.8,8.0,5.2,110.0,106.0,96.0,100.0,100.0,100.0,0.49999999999999994,-0.8660254037844387,30.3,30.229517
2025-06-20 11:00:00,77.0,79.0,83.0,0.1,0.0,0.0,976.0,976.1,975.8,10.6,9.8,8.0,109.0,110.0,106.0,100.0,100.0,100.0,0.258819045102521,-0.9659258262890682,31.3,31.024405
2025-06-20 12:00:00,75.0,77.0,79.0,0.1,0.1,0.0,975.7,976.0,976.1,8.4,10.6,9.8,105.0,109.0,110.0,100.0,100.0,100.0,1.2246467991473532e-16,-1.0,31.8,31.352667
2025-06-20 13:00:00,72.0,75.0,77.0,0.1,0.1,0.1,975.4,975.7,976.0,10.7,8.4,10.6,97.0,105.0,109.0,100.0,100.0,100.0,-0.2588190451025208,-0.9659258262890683,30.2,31.931194
2025-06-20 14:00:00,76.0,72.0,75.0,0.8,0.1,0.1,975.0,975.4,975.7,11.0,10.7,8.4,92.0,97.0,105.0,100.0,100.0,100.0,-0.4999999999999998,-0.8660254037844388,30.5,31.942886
2025-06-20 15:00:00,74.0,76.0,72.0,0.0,0.8,0.1,974.3,975.0,975.4,10.1,11.0,10.7,86.0,92.0,97.0,100.0,100.0,100.0,-0.7071067811865471,-0.7071067811865479,31.0,32.201565
2025-06-20 16:00:00,72.0,74.0,76.0,0.0,0.0,0.8,973.8,974.3,975.0,8.7,10.1,11.0,97.0,86.0,92.0,100.0,100.0,100.0,-0.8660254037844384,-0.5000000000000004,30.9,31.982801
2025-06-20 17:00:00,73.0,72.0,74.0,0.0,0.0,0.0,973.8,973.8,974.3,8.1,8.7,10.1,96.0,97.0,86.0,100.0,100.0,100.0,-0.9659258262890683,-0.25881904510252063,30.8,30.702106
2025-06-20 18:00:00,73.0,73.0,72.0,0.0,0.0,0.0,973.7,973.8,973.8,8.7,8.1,8.7,85.0,96.0,97.0,100.0,100.0,100.0,-1.0,-1.8369701987210297e-16,30.1,30.551376
2025-06-20 19:00:00,80.0,73.0,73.0,0.0,0.0,0.0,974.6,973.7,973.8,6.3,8.7,8.1,125.0,85.0,96.0,100.0,100.0,100.0,-0.9659258262890684,0.2588190451025203,29.1,29.014679
2025-06-20 20:00:00,84.0,80.0,73.0,0.0,0.0,0.0,975.2,974.6,973.7,5.6,6.3,8.7,119.0,125.0,85.0,100.0,100.0,100.0,-0.8660254037844386,0.5000000000000001,28.5,27.250826
2025-06-20 21:00:00,87.0,84.0,80.0,0.0,0.0,0.0,975.5,975.2,974.6,5.1,5.6,6.3,113.0,119.0,125.0,100.0,100.0,100.0,-0.7071067811865477,0.7071067811865474,28.2,27.816803
2025-06-20 22:00:00,89.0,87.0,84.0,0.0,0.0,0.0,976.3,975.5,975.2,6.4,5.1,5.6,112.0,113.0,119.0,100.0,100.0,100.0,-0.5000000000000004,0.8660254037844384,27.8,27.774157
2025-06-20 23:00:00,91.0,89.0,87.0,0.0,0.0,0.0,976.5,976.3,975.5,6.6,6.4,5.1,111.0,112.0,113.0,100.0,100.0,100.0,-0.25881904510252157,0.9659258262890681,27.6,27.824575
2025-06-21 00:00:00,92.0,91.0,89.0,0.0,0.0,0.0,976.6,976.5,976.3,7.2,6.6,6.4,115.0,111.0,112.0,100.0,100.0,100.0,0.0,1.0,27.3,27.483885
2025-06-21 01:00:00,93.0,92.0,91.0,0.0,0.0,0.0,976.4,976.6,976.5,6.7,7.2,6.6,114.0,115.0,111.0,100.0,100.0,100.0,0.25881904510252074,0.9659258262890683,27.1,26.982677
2025-06-21 02:00:00,94.0,93.0,92.0,0.0,0.0,0.0,976.0,976.4,976.6,6.7,6.7,7.2,110.0,114.0,115.0,100.0,100.0,100.0,0.49999999999999994,0.8660254037844387,26.9,26.749765
2025-06-21 03:00:00,94.0,94.0,93.0,0.0,0.0,0.0,975.8,976.0,976.4,6.5,6.7,6.7,114.0,110.0,114.0,80.0,100.0,100.0,0.7071067811865475,0.7071067811865476,26.6,26.040176
2025-06-21 04:00:00,94.0,94.0,94.0,0.0,0.0,0.0,975.6,975.8,976.0,4.8,6.5,6.7,110.0,114.0,110.0,34.0,80.0,100.0,0.8660254037844386,0.5000000000000001,26.4,26.19975
2025-06-21 05:00:00,95.0,94.0,94.0,0.0,0.0,0.0,975.9,975.6,975.8,4.2,4.8,6.5,108.0,110.0,114.0,25.0,34.0,80.0,0.9659258262890683,0.25881904510252074,26.3,25.929533
2025-06-21 06:00:00,95.0,95.0,94.0,0.0,0.0,0.0,976.2,975.9,975.6,2.6,4.2,4.8,106.0,108.0,110.0,38.0,25.0,34.0,1.0,6.123233995736766e-17,26.9,26.187752
2025-06-21 07:00:00,95.0,95.0,95.0,1.3,0.0,0.0,977.3,976.2,975.9,6.9,2.6,4.2,133.0,106.0,108.0,69.0,38.0,25.0,0.9659258262890683,-0.25881904510252063,27.9,26.28342
2025-06-21 08:00:00,92.0,95.0,95.0,0.1,1.3,0.0,977.4,977.3,976.2,2.9,6.9,2.6,101.0,133.0,106.0,13.0,69.0,38.0,0.8660254037844387,-0.49999999999999983,29.4,29.058084
2025-06-21 09:00:00,84.0,92.0,95.0,0.0,0.1,1.3,977.5,977.4,977.3,5.2,2.9,6.9,115.0,101.0,133.0,15.0,13.0,69.0,0.7071067811865476,-0.7071067811865475,30.9,30.083626
2025-06-21 10:00:00,73.0,84.0,92.0,0.0,0.0,0.1,977.6,977.5,977.4,7.0,5.2,2.9,125.0,115.0,101.0,16.0,15.0,13.0,0.49999999999999994,-0.8660254037844387,32.2,31.695162
2025-06-21 11:00:00,65.0,73.0,84.0,0.0,0.0,0.0,977.3,977.6,977.5,7.3,7.0,5.2,126.0,125.0,115.0,77.0,16.0,15.0,0.258819045102521,-0.9659258262890682,33.2,31.45023
2025-06-21 12:00:00,62.0,65.0,73.0,0.0,0.0,0.0,976.7,977.3,977.6,7.1,7.3,7.0,128.0,126.0,125.0,58.0,77.0,16.0,1.2246467991473532e-16,-1.0,33.9,31.662981
2025-06-21 13:00:00,59.0,62.0,65.0,0.0,0.0,0.0,975.9,976.7,977.3,6.2,7.1,7.3,134.0,128.0,126.0,42.0,58.0,77.0,-0.2588190451025208,-0.9659258262890683,34.4,32.103863
2025-06-21 14:00:00,56.0,59.0,62.0,0.1,0.0,0.0,975.1,975.9,976.7,5.4,6.2,7.1,143.0,134.0,128.0,89.0,42.0,58.0,-0.4999999999999998,-0.8660254037844388,34.7,32.664917
2025-06-21 15:00:00,57.0,56.0,59.0,0.1,0.1,0.0,974.2,975.1,975.9,4.8,5.4,6.2,143.0,143.0,134.0,18.0,89.0,42.0,-0.7071067811865471,-0.7071067811865479,34.8,32.94628
2025-06-21 16:00:00,57.0,57.0,56.0,0.0,0.1,0.1,973.8,974.2,975.1,3.9,4.8,5.4,124.0,143.0,143.0,18.0,18.0,89.0,-0.8660254037844384,-0.5000000000000004,34.8,33.025806
2025-06-21 17:00:00,58.0,57.0,57.0,0.0,0.0,0.1,973.4,973.8,974.2,3.1,3.9,4.8,135.0,124.0,143.0,9.0,18.0,18.0,-0.9659258262890683,-0.25881904510252063,34.4,32.474464
2025-06-21 18:00:00,59.0,58.0,57.0,0.0,0.0,0.0,973.2,973.4,973.8,2.6,3.1,3.9,146.0,135.0,124.0,4.0,9.0,18.0,-1.0,-1.8369701987210297e-16,32.0,32.11081
2025-06-21 19:00:00,71.0,59.0,58.0,0.0,0.0,0.0,973.9,973.2,973.4,3.4,2.6,3.1,186.0,146.0,135.0,34.0,4.0,9.0,-0.9659258262890684,0.2588190451025203,31.5,29.5142
2025-06-21 20:00:00,74.0,71.0,59.0,0.0,0.0,0.0,974.6,973.9,973.2,3.9,3.4,2.6,137.0,186.0,146.0,25.0,34.0,4.0,-0.8660254037844386,0.5000000000000001,30.9,29.75809
2025-06-21 21:00:00,79.0,74.0,71.0,0.0,0.0,0.0,974.8,974.6,973.9,4.9,3.9,3.4,147.0,137.0,186.0,13.0,25.0,34.0,-0.7071067811865477,0.7071067811865474,30.4,29.521835
2025-06-21 22:00:00,81.0,79.0,74.0,0.0,0.0,0.0,975.3,974.8,974.6,4.0,4.9,3.9,148.0,147.0,137.0,6.0,13.0,25.0,-0.5000000000000004,0.8660254037844384,30.1,29.143148
2025-06-21 23:00:00,83.0,81.0,79.0,0.0,0.0,0.0,975.7,975.3,974.8,3.5,4.0,4.9,102.0,148.0,147.0,1.0,6.0,13.0,-0.25881904510252157,0.9659258262890681,29.7,28.45433
2025-06-22 00:00:00,84.0,83.0,81.0,0.0,0.0,0.0,975.7,975.7,975.3,5.0,3.5,4.0,111.0,102.0,148.0,1.0,1.0,6.0,0.0,1.0,29.3,28.59239
2025-06-22 01:00:00,85.0,84.0,83.0,0.0,0.0,0.0,975.6,975.7,975.7,6.1,5.0,3.5,120.0,111.0,102.0,7.0,1.0,1.0,0.25881904510252074,0.9659258262890683,29.0,28.239408
2025-06-22 02:00:00,86.0,85.0,84.0,0.0,0.0,0.0,975.1,975.6,975.7,5.4,6.1,5.0,140.0,120.0,111.0,7.0,7.0,1.0,0.49999999999999994,0.8660254037844387,28.6,27.680471
2025-06-22 03:00:00,87.0,86.0,85.0,0.0,0.0,0.0,974.3,975.1,975.6,5.2,5.4,6.1,160.0,140.0,120.0,6.0,7.0,7.0,0.7071067811865475,0.7071067811865476,28.5,26.99907
2025-06-22 04:00:00,86.0,87.0,86.0,0.0,0.0,0.0,974.4,974.3,975.1,6.3,5.2,5.4,167.0,160.0,140.0,33.0,6.0,7.0,0.8660254037844386,0.5000000000000001,28.3,25.796217
2025-06-22 05:00:00,86.0,86.0,87.0,0.0,0.0,0.0,974.8,974.4,974.3,5.1,6.3,5.2,174.0,167.0,160.0,88.0,33.0,6.0,0.9659258262890683,0.25881904510252074,28.1,25.299274
2025-06-22 06:00:00,87.0,86.0,86.0,0.0,0.0,0.0,975.2,974.8,974.4,4.5,5.1,6.3,173.0,174.0,167.0,26.0,88.0,33.0,1.0,6.123233995736766e-17,29.6,27.045507
2025-06-22 07:00:00,83.0,87.0,86.0,0.0,0.0,0.0,975.7,975.2,974.8,5.6,4.5,5.1,209.0,173.0,174.0,100.0,26.0,88.0,0.9659258262890683,-0.25881904510252063,30.4,27.091728
2025-06-22 08:00:00,81.0,83.0,87.0,0.0,0.0,0.0,976.0,975.7,975.2,2.8,5.6,4.5,130.0,209.0,173.0,99.0,100.0,26.0,0.8660254037844387,-0.49999999999999983,31.6,28.022673
2025-06-22 09:00:00,74.0,81.0,83.0,0.0,0.0,0.0,976.6,976.0,975.7,1.5,2.8,5.6,216.0,130.0,209.0,100.0,99.0,100.0,0.7071067811865476,-0.7071067811865475,32.6,28.923332
2025-06-22 10:00:00,66.0,74.0,81.0,0.1,0.0,0.0,976.8,976.6,976.0,3.6,1.5,2.8,183.0,216.0,130.0,100.0,100.0,99.0,0.49999999999999994,-0.8660254037844387,33.7,29.975912
2025-06-22 11:00:00,62.0,66.0,74.0,0.0,0.1,0.0,976.8,976.8,976.6,4.3,3.6,1.5,158.0,183.0,216.0,89.0,100.0,100.0,0.258819045102521,-0.9659258262890682,34.1,30.158987
2025-06-22 12:00:00,60.0,62.0,66.0,0.0,0.0,0.1,976.4,976.8,976.8,3.3,4.3,3.6,139.0,158.0,183.0,100.0,89.0,100.0,1.2246467991473532e-16,-1.0,33.7,30.948315
2025-06-22 13:00:00,60.0,60.0,62.0,0.0,0.0,0.0,975.6,976.4,976.8,8.1,3.3,4.3,107.0,139.0,158.0,98.0,100.0,89.0,-0.2588190451025208,-0.9659258262890683,32.0,31.399681
2025-06-22 14:00:00,68.0,60.0,60.0,0.6,0.0,0.0,975.0,975.6,976.4,5.3,8.1,3.3,82.0,107.0,139.0,100.0,98.0,100.0,-0.4999999999999998,-0.8660254037844388,32.8,32.01252
2025-06-22 15:00:00,66.0,68.0,60.0,0.1,0.6,0.0,973.9,975.0,975.6,5.5,5.3,8.1,71.0,82.0,107.0,88.0,100.0,98.0,-0.7071067811865471,-0.7071067811865479,33.9,31.842491
2025-06-22 16:00:00,62.0,66.0,68.0,0.0,0.1,0.6,973.2,973.9,975.0,4.6,5.5,5.3,54.0,71.0,82.0,95.0,88.0,100.0,-0.8660254037844384,-0.5000000000000004,34.0,32.403965
2025-06-22 17:00:00,61.0,62.0,66.0,0.0,0.0,0.1,972.7,973.2,973.9,5.1,4.6,5.5,100.0,54.0,71.0,96.0,95.0,88.0,-0.9659258262890683,-0.25881904510252063,33.6,31.76065
2025-06-22 18:00:00,63.0,61.0,62.0,0.0,0.0,0.0,972.5,972.7,973.2,5.4,5.1,4.6,104.0,100.0,54.0,78.0,96.0,95.0,-1.0,-1.8369701987210297e-16,32.2,31.70857
2025-06-22 19:00:00,68.0,63.0,61.0,0.0,0.0,0.0,973.2,972.5,972.7,7.9,5.4,5.1,94.0,104.0,100.0,25.0,78.0,96.0,-0.9659258262890684,0.2588190451025203,31.0,31.039482
2025-06-22 20:00:00,74.0,68.0,63.0,0.0,0.0,0.0,973.6,973.2,972.5,6.5,7.9,5.4,103.0,94.0,104.0,67.0,25.0,78.0,-0.8660254037844386,0.5000000000000001,30.4,30.677912
2025-06-22 21:00:00,78.0,74.0,68.0,0.0,0.0,0.0,974.0,973.6,973.2,5.6,6.5,7.9,130.0,103.0,94.0,26.0,67.0,25.0,-0.7071067811865477,0.7071067811865474,29.9,30.191648
2025-06-22 22:00:00,80.0,78.0,74.0,0.0,0.0,0.0,974.7,974.0,973.6,6.0,5.6,6.5,139.0,130.0,103.0,8.0,26.0,67.0,-0.5000000000000004,0.8660254037844384,29.5,29.633467
2025-06-22 23:00:00,82.0,80.0,78.0,0.0,0.0,0.0,974.8,974.7,974.0,4.6,6.0,5.6,141.0,139.0,130.0,91.0,8.0,26.0,-0.25881904510252157,0.9659258262890681,29.2,28.661568
2025-06-23 00:00:00,83.0,82.0,80.0,0.0,0.0,0.0,974.9,974.8,974.7,4.9,4.6,6.0,144.0,141.0,139.0,100.0,91.0,8.0,0.0,1.0,29.0,27.291588
2025-06-23 01:00:00,84.0,83.0,82.0,0.0,0.0,0.0,974.6,974.9,974.8,6.1,4.9,4.6,133.0,144.0,141.0,87.0,100.0,91.0,0.25881904510252074,0.9659258262890683,28.7,26.901886
2025-06-23 02:00:00,86.0,84.0,83.0,0.0,0.0,0.0,974.2,974.6,974.9,5.9,6.1,4.9,133.0,133.0,144.0,40.0,87.0,100.0,0.49999999999999994,0.8660254037844387,28.4,27.00717
2025-06-23 03:00:00,87.0,86.0,84.0,0.0,0.0,0.0,973.8,974.2,974.6,4.5,5.9,6.1,133.0,133.0,133.0,7.0,40.0,87.0,0.7071067811865475,0.7071067811865476,28.2,27.256716
2025-06-23 04:00:00,89.0,87.0,86.0,0.0,0.0,0.0,973.7,973.8,974.2,4.0,4.5,5.9,150.0,133.0,133.0,6.0,7.0,40.0,0.8660254037844386,0.5000000000000001,27.9,26.652626
2025-06-23 05:00:00,91.0,89.0,87.0,0.0,0.0,0.0,974.2,973.7,973.8,2.7,4.0,4.5,152.0,150.0,133.0,32.0,6.0,7.0,0.9659258262890683,0.25881904510252074,28.0,26.082016
2025-06-23 06:00:00,91.0,91.0,89.0,0.0,0.0,0.0,974.1,974.2,973.7,1.2,2.7,4.0,141.0,152.0,150.0,20.0,32.0,6.0,1.0,6.123233995736766e-17,29.5,26.933212
2025-06-23 07:00:00,88.0,91.0,91.0,0.0,0.0,0.0,973.8,974.1,974.2,3.6,1.2,2.7,93.0,141.0,152.0,100.0,20.0,32.0,0.9659258262890683,-0.25881904510252063,30.1,27.672428
2025-06-23 08:00:00,83.0,88.0,91.0,0.0,0.0,0.0,974.1,973.8,974.1,6.7,3.6,1.2,166.0,93.0,141.0,95.0,100.0,20.0,0.8660254037844387,-0.49999999999999983,31.0,28.228617
2025-06-23 09:00:00,77.0,83.0,88.0,0.0,0.0,0.0,974.4,974.1,973.8,3.6,6.7,3.6,153.0,166.0,93.0,98.0,95.0,100.0,0.7071067811865476,-0.7071067811865475,32.3,30.286896
2025-06-23 10:00:00,71.0,77.0,83.0,0.0,0.0,0.0,974.8,974.4,974.1,2.1,3.6,6.7,142.0,153.0,166.0,34.0,98.0,95.0,0.49999999999999994,-0.8660254037844387,33.7,30.983887
2025-06-23 11:00:00,62.0,71.0,77.0,0.0,0.0,0.0,974.8,974.8,974.4,1.6,2.1,3.6,90.0,142.0,153.0,12.0,34.0,98.0,0.258819045102521,-0.9659258262890682,34.5,32.16041
2025-06-23 12:00:00,59.0,62.0,71.0,0.0,0.0,0.0,974.0,974.8,974.8,5.4,1.6,2.1,70.0,90.0,142.0,32.0,12.0,34.0,1.2246467991473532e-16,-1.0,35.2,32.761868
2025-06-23 13:00:00,56.0,59.0,62.0,0.0,0.0,0.0,973.1,974.0,974.8,6.0,5.4,1.6,85.0,70.0,90.0,28.0,32.0,12.0,-0.2588190451025208,-0.9659258262890683,35.8,33.410355
2025-06-23 14:00:00,54.0,56.0,59.0,0.0,0.0,0.0,972.0,973.1,974.0,5.2,6.0,5.4,70.0,85.0,70.0,32.0,28.0,32.0,-0.4999999999999998,-0.8660254037844388,35.7,33.734386
2025-06-23 15:00:00,53.0,54.0,56.0,0.1,0.0,0.0,971.2,972.0,973.1,5.8,5.2,6.0,64.0,70.0,85.0,40.0,32.0,28.0,-0.7071067811865471,-0.7071067811865479,35.8,33.473587
2025-06-23 16:00:00,53.0,53.0,54.0,0.0,0.1,0.0,970.1,971.2,972.0,6.4,5.8,5.2,54.0,64.0,70.0,22.0,40.0,32.0,-0.8660254037844384,-0.5000000000000004,35.6,32.88484
2025-06-23 17:00:00,53.0,53.0,53.0,0.0,0.0,0.1,969.5,970.1,971.2,6.8,6.4,5.8,61.0,54.0,64.0,25.0,22.0,40.0,-0.9659258262890683,-0.25881904510252063,34.9,33.136566
2025-06-23 18:00:00,56.0,53.0,53.0,0.0,0.0,0.0,969.2,969.5,970.1,8.6,6.8,6.4,89.0,61.0,54.0,30.0,25.0,22.0,-1.0,-1.8369701987210297e-16,32.2,32.79433
2025-06-23 19:00:00,70.0,56.0,53.0,0.0,0.0,0.0,971.2,969.2,969.5,7.5,8.6,6.8,165.0,89.0,61.0,19.0,30.0,25.0,-0.9659258262890684,0.2588190451025203,31.4,30.721012
2025-06-23 20:00:00,76.0,70.0,56.0,0.0,0.0,0.0,971.5,971.2,969.2,5.2,7.5,8.6,134.0,165.0,89.0,15.0,19.0,30.0,-0.8660254037844386,0.5000000000000001,31.0,30.2456
2025-06-23 21:00:00,79.0,76.0,70.0,0.0,0.0,0.0,972.0,971.5,971.2,4.0,5.2,7.5,126.0,134.0,165.0,0.0,15.0,19.0,-0.7071067811865477,0.7071067811865474,30.5,29.645672
2025-06-23 22:00:00,80.0,79.0,76.0,0.0,0.0,0.0,972.9,972.0,971.5,5.3,4.0,5.2,118.0,126.0,134.0,0.0,0.0,15.0,-0.5000000000000004,0.8660254037844384,29.8,29.770067
2025-06-23 23:00:00,83.0,80.0,79.0,0.0,0.0,0.0,973.2,972.9,972.0,6.6,5.3,4.0,119.0,118.0,126.0,0.0,0.0,0.0,-0.25881904510252157,0.9659258262890681,29.3,28.479044
2025-06-24 00:00:00,84.0,83.0,80.0,0.0,0.0,0.0,973.1,973.2,972.9,6.7,6.6,5.3,134.0,119.0,118.0,0.0,0.0,0.0,0.0,1.0,28.8,28.391964
2025-06-24 01:00:00,86.0,84.0,83.0,0.0,0.0,0.0,973.2,973.1,973.2,5.8,6.7,6.6,120.0,134.0,119.0,0.0,0.0,0.0,0.25881904510252074,0.9659258262890683,28.5,28.703615
2025-06-24 02:00:00,88.0,86.0,84.0,0.0,0.0,0.0,972.6,973.2,973.1,6.1,5.8,6.7,118.0,120.0,134.0,0.0,0.0,0.0,0.49999999999999994,0.8660254037844387,28.2,28.113897
2025-06-24 03:00:00,89.0,88.0,86.0,0.0,0.0,0.0,972.1,972.6,973.2,6.9,6.1,5.8,120.0,118.0,120.0,0.0,0.0,0.0,0.7071067811865475,0.7071067811865476,27.9,28.178047
2025-06-24 04:00:00,91.0,89.0,88.0,0.0,0.0,0.0,971.7,972.1,972.6,7.6,6.9,6.1,126.0,120.0,118.0,0.0,0.0,0.0,0.8660254037844386,0.5000000000000001,27.6,28.298418
2025-06-24 05:00:00,92.0,91.0,89.0,0.0,0.0,0.0,971.9,971.7,972.1,5.3,7.6,6.9,128.0,126.0,120.0,2.0,0.0,0.0,0.9659258262890683,0.25881904510252074,27.4,28.064306
2025-06-24 06:00:00,93.0,92.0,91.0,0.0,0.0,0.0,972.8,971.9,971.7,6.0,5.3,7.6,134.0,128.0,126.0,17.0,2.0,0.0,1.0,6.123233995736766e-17,27.4,28.295904
2025-06-24 07:00:00,93.0,93.0,92.0,0.0,0.0,0.0,972.8,972.8,971.9,6.0,6.0,5.3,134.0,134.0,128.0,17.0,17.0,2.0,0.9659258262890683,-0.25881904510252063,27.4,28.020332
2025-06-24 08:00:00,93.0,93.0,93.0,0.0,0.0,0.0,972.8,972.8,972.8,6.0,6.0,6.0,134.0,134.0,134.0,17.0,17.0,17.0,0.8660254037844387,-0.49999999999999983,27.4,28.780224
2025-06-24 09:00:00,93.0,93.0,93.0,0.0,0.0,0.0,972.8,972.8,972.8,6.0,6.0,6.0,134.0,134.0,134.0,17.0,17.0,17.0,0.7071067811865476,-0.7071067811865475,27.4,29.354502
2025-06-24 10:00:00,93.0,93.0,93.0,0.0,0.0,0.0,972.8,972.8,972.8,6.0,6.0,6.0,134.0,134.0,134.0,17.0,17.0,17.0,0.49999999999999994,-0.8660254037844387,27.4,29.878925
2025-06-24 11:00:00,93.0,93.0,93.0,0.0,0.0,0.0,972.8,972.8,972.8,6.0,6.0,6.0,134.0,134.0,134.0,17.0,17.0,17.0,0.258819045102521,-0.9659258262890682,27.4,30.265274
2025-06-24 12:00:00,93.0,93.0,93.0,0.0,0.0,0.0,972.8,972.8,972.8,6.0,6.0,6.0,134.0,134.0,134.0,17.0,17.0,17.0,1.2246467991473532e-16,-1.0,27.4,30.472075
2025-06-24 13:00:00,93.0,93.0,93.0,0.0,0.0,0.0,972.8,972.8,972.8,6.0,6.0,6.0,134.0,134.0,134.0,17.0,17.0,17.0,-0.2588190451025208,-0.9659258262890683,27.4,30.675169
2025-06-24 14:00:00,93.0,93.0,93.0,0.0,0.0,0.0,972.8,972.8,972.8,6.0,6.0,6.0,134.0,134.0,134.0,17.0,17.0,17.0,-0.4999999999999998,-0.8660254037844388,27.4,30.675169
2025-06-24 15:00:00,93.0,93.0,93.0,0.0,0.0,0.0,972.8,972.8,972.8,6.0,6.0,6.0,134.0,134.0,134.0,17.0,17.0,17.0,-0.7071067811865471,-0.7071067811865479,27.4,30.376417
2025-06-24 16:00:00,93.0,93.0,93.0,0.0,0.0,0.0,972.8,972.8,972.8,6.0,6.0,6.0,134.0,134.0,134.0,17.0,17.0,17.0,-0.8660254037844384,-0.5000000000000004,27.4,29.740057
2025-06-24 17:00:00,93.0,93.0,93.0,0.0,0.0,0.0,972.8,972.8,972.8,6.0,6.0,6.0,134.0,134.0,134.0,17.0,17.0,17.0,-0.9659258262890683,-0.25881904510252063,27.4,29.067465
2025-06-24 18:00:00,93.0,93.0,93.0,0.0,0.0,0.0,972.8,972.8,972.8,6.0,6.0,6.0,134.0,134.0,134.0,17.0,17.0,17.0,-1.0,-1.8369701987210297e-16,27.4,28.962162
2025-06-24 19:00:00,93.0,93.0,93.0,0.0,0.0,0.0,972.8,972.8,972.8,6.0,6.0,6.0,134.0,134.0,134.0,17.0,17.0,17.0,-0.9659258262890684,0.2588190451025203,27.4,28.475082
2025-06-24 20:00:00,93.0,93.0,93.0,0.0,0.0,0.0,972.8,972.8,972.8,6.0,6.0,6.0,134.0,134.0,134.0,17.0,17.0,17.0,-0.8660254037844386,0.5000000000000001,27.4,28.475082
2025-06-24 21:00:00,93.0,93.0,93.0,0.0,0.0,0.0,972.8,972.8,972.8,6.0,6.0,6.0,134.0,134.0,134.0,17.0,17.0,17.0,-0.7071067811865477,0.7071067811865474,27.4,28.475082
2025-06-24 22:00:00,93.0,93.0,93.0,0.0,0.0,0.0,972.8,972.8,972.8,6.0,6.0,6.0,134.0,134.0,134.0,17.0,17.0,17.0,-0.5000000000000004,0.8660254037844384,27.4,28.475082
2025-06-24 23:00:00,93.0,93.0,93.0,0.0,0.0,0.0,972.8,972.8,972.8,6.0,6.0,6.0,134.0,134.0,134.0,17.0,17.0,17.0,-0.25881904510252157,0.9659258262890681,27.4,28.475082
